Date,Price,Discount,Promotion,Previous_Sales,DayOfWeek,Month,IsWeekend,Demand
2023-01-01,152,6,0,494,6,1,1,472
2023-01-02,142,13,0,612,0,1,0,568
2023-01-03,64,25,1,909,1,1,0,914
2023-01-04,156,10,1,279,2,1,0,442
2023-01-05,121,27,0,792,3,1,0,750
2023-01-06,70,21,1,334,4,1,0,657
2023-01-07,152,8,0,930,5,1,1,632
2023-01-08,171,22,0,436,6,1,1,490
2023-01-09,124,12,1,107,0,1,0,403
2023-01-10,137,22,1,542,1,1,0,618
2023-01-11,166,17,1,638,2,1,0,655
2023-01-12,149,27,1,919,3,1,0,811
2023-01-13,153,10,0,757,4,1,0,587
2023-01-14,180,14,0,190,5,1,1,326
2023-01-15,199,24,0,953,6,1,1,712
2023-01-16,102,25,1,371,0,1,0,688
2023-01-17,51,24,0,933,1,1,0,934
2023-01-18,137,21,1,104,2,1,0,470
2023-01-19,87,28,1,693,3,1,0,855
2023-01-20,179,18,1,998,4,1,0,755
2023-01-21,70,0,0,318,5,1,1,546
2023-01-22,107,3,1,217,6,1,1,522
2023-01-23,71,13,1,692,0,1,0,805
2023-01-24,138,13,1,681,1,1,0,681
2023-01-25,98,2,1,214,2,1,0,520
2023-01-26,108,29,1,362,3,1,0,648
2023-01-27,64,27,1,405,4,1,0,781
2023-01-28,100,16,1,753,5,1,1,826
2023-01-29,157,2,1,521,6,1,1,510
2023-01-30,104,15,1,306,0,1,0,622
2023-01-31,113,13,1,722,1,1,0,745
2023-02-01,180,29,1,402,2,2,0,624
2023-02-02,100,19,1,211,3,2,0,587
2023-02-03,184,28,0,516,4,2,0,521
2023-02-04,70,12,0,654,5,2,1,736
2023-02-05,122,14,1,958,6,2,1,906
2023-02-06,67,13,1,384,0,2,0,664
2023-02-07,181,23,1,739,1,2,0,642
2023-02-08,138,24,0,284,2,2,0,438
2023-02-09,109,18,0,840,3,2,0,714
2023-02-10,63,5,0,1000,4,2,0,774
2023-02-11,58,9,1,320,5,2,1,650
2023-02-12,139,26,1,963,6,2,1,812
2023-02-13,102,14,1,543,0,2,0,626
2023-02-14,179,20,1,216,1,2,0,457
2023-02-15,133,21,0,169,2,2,0,402
2023-02-16,141,19,1,997,3,2,0,783
2023-02-17,160,25,0,169,4,2,0,361
2023-02-18,57,5,0,721,5,2,1,722
2023-02-19,84,22,1,526,6,2,1,762
2023-02-20,130,24,0,743,0,2,0,714
2023-02-21,99,9,0,667,1,2,0,665
2023-02-22,153,6,0,542,2,2,0,497
2023-02-23,181,21,0,700,3,2,0,537
2023-02-24,51,16,1,236,4,2,0,689
2023-02-25,183,17,1,603,5,2,1,579
2023-02-26,103,16,0,230,6,2,1,479
2023-02-27,155,8,1,317,0,2,0,466
2023-02-28,53,9,0,787,1,2,0,782
2023-03-01,103,9,1,270,2,3,0,593
2023-03-02,195,24,1,574,3,3,0,553
2023-03-03,93,6,1,711,4,3,0,701
2023-03-04,63,15,1,228,5,3,1,702
2023-03-05,144,28,1,156,6,3,1,500
2023-03-06,97,17,0,280,0,3,0,512
2023-03-07,64,5,1,345,1,3,0,648
2023-03-08,89,26,0,243,2,3,0,548
2023-03-09,131,19,0,150,3,3,0,357
2023-03-10,160,0,1,467,4,3,0,466
2023-03-11,102,0,0,558,5,3,1,608
2023-03-12,73,11,1,317,6,3,1,694
2023-03-13,173,20,0,715,0,3,0,585
2023-03-14,90,27,0,994,1,3,0,826
2023-03-15,64,1,1,666,2,3,0,761
2023-03-16,94,3,1,356,3,3,0,582
2023-03-17,114,16,1,957,4,3,0,848
2023-03-18,138,3,1,255,5,3,1,498
2023-03-19,120,10,0,664,6,3,1,620
2023-03-20,58,21,1,541,0,3,0,780
2023-03-21,137,25,0,940,1,3,0,755
2023-03-22,178,3,0,798,2,3,0,513
2023-03-23,185,0,0,975,3,3,0,570
2023-03-24,112,6,0,761,4,3,0,661
2023-03-25,188,29,0,875,5,3,1,673
2023-03-26,130,17,0,861,6,3,1,675
2023-03-27,185,8,1,909,0,3,0,598
2023-03-28,82,28,0,822,1,3,0,808
2023-03-29,172,2,0,124,2,3,0,253
2023-03-30,54,7,0,905,3,3,0,825
2023-03-31,90,28,1,952,4,3,0,959
2023-04-01,77,23,1,763,5,4,1,904
2023-04-02,184,18,0,635,6,4,1,572
2023-04-03,121,3,1,863,0,4,0,744
2023-04-04,61,17,0,159,1,4,0,533
2023-04-05,82,19,1,566,2,4,0,747
2023-04-06,97,26,0,533,3,4,0,628
2023-04-07,200,10,1,978,4,4,0,617
2023-04-08,111,26,1,165,5,4,1,582
2023-04-09,86,13,1,664,6,4,1,806
2023-04-10,148,24,0,205,0,4,0,414
2023-04-11,153,17,0,195,1,4,0,356
2023-04-12,84,27,0,787,2,4,0,813
2023-04-13,150,27,1,650,3,4,0,758
2023-04-14,180,28,1,267,4,4,0,471
2023-04-15,50,15,0,141,5,4,1,550
2023-04-16,54,2,1,978,6,4,1,865
2023-04-17,191,14,0,203,0,4,0,277
2023-04-18,152,26,0,944,1,4,0,708
2023-04-19,76,26,0,303,2,4,0,635
2023-04-20,186,30,0,619,3,4,0,532
2023-04-21,64,3,1,381,4,4,0,630
2023-04-22,139,4,1,142,5,4,1,443
2023-04-23,91,16,1,209,6,4,1,637
2023-04-24,173,6,0,309,0,4,0,268
2023-04-25,112,15,1,848,1,4,0,829
2023-04-26,145,13,0,967,2,4,0,710
2023-04-27,101,25,0,930,3,4,0,820
2023-04-28,145,15,0,148,4,4,0,325
2023-04-29,181,6,0,214,5,4,1,282
2023-04-30,200,8,0,254,6,4,1,316
2023-05-01,192,3,0,748,0,5,0,406
2023-05-02,78,29,1,602,1,5,0,854
2023-05-03,85,29,1,778,2,5,0,890
2023-05-04,62,21,1,932,3,5,0,964
2023-05-05,120,10,1,810,4,5,0,714
2023-05-06,135,1,0,170,5,5,1,348
2023-05-07,77,11,0,618,6,5,1,691
2023-05-08,115,11,1,811,0,5,0,709
2023-05-09,94,29,1,435,1,5,0,736
2023-05-10,111,3,1,166,2,5,0,483
2023-05-11,183,17,1,592,3,5,0,549
2023-05-12,77,25,1,749,4,5,0,802
2023-05-13,77,20,1,853,5,5,1,919
2023-05-14,157,30,1,312,6,5,1,640
2023-05-15,93,6,1,280,0,5,0,551
2023-05-16,133,28,0,865,1,5,0,768
2023-05-17,79,0,0,712,2,5,0,607
2023-05-18,124,30,0,962,3,5,0,757
2023-05-19,177,25,0,698,4,5,0,555
2023-05-20,141,25,1,796,5,5,1,772
2023-05-21,178,22,0,702,6,5,1,580
2023-05-22,170,25,1,347,0,5,0,518
2023-05-23,76,12,0,313,1,5,0,582
2023-05-24,170,5,1,458,2,5,0,460
2023-05-25,165,5,1,348,3,5,0,442
2023-05-26,52,11,0,737,4,5,0,769
2023-05-27,152,7,0,980,5,5,1,687
2023-05-28,186,23,1,615,6,5,1,668
2023-05-29,111,21,1,187,0,5,0,556
2023-05-30,100,18,1,762,1,5,0,788
2023-05-31,108,4,0,275,2,5,0,362
2023-06-01,167,17,0,822,3,6,0,641
2023-06-02,145,30,1,525,4,6,0,681
2023-06-03,162,29,0,870,5,6,1,722
2023-06-04,111,4,1,702,6,6,1,725
2023-06-05,101,29,0,870,0,6,0,792
2023-06-06,61,24,0,802,1,6,0,829
2023-06-07,88,9,0,180,2,6,0,424
2023-06-08,179,0,0,237,3,6,0,228
2023-06-09,180,9,0,532,4,6,0,369
2023-06-10,162,4,1,569,5,6,1,600
2023-06-11,150,11,1,449,6,6,1,581
2023-06-12,162,21,0,225,0,6,0,430
2023-06-13,130,29,1,980,1,6,0,946
2023-06-14,162,26,1,967,2,6,0,751
2023-06-15,51,6,0,408,3,6,0,621
2023-06-16,179,8,1,954,4,6,0,623
2023-06-17,103,21,0,329,5,6,1,566
2023-06-18,136,20,1,559,6,6,1,691
2023-06-19,178,11,1,444,0,6,0,438
2023-06-20,196,22,1,409,1,6,0,459
2023-06-21,175,28,1,119,2,6,0,448
2023-06-22,179,0,1,980,3,6,0,639
2023-06-23,102,10,1,660,4,6,0,679
2023-06-24,117,29,1,746,5,6,1,818
2023-06-25,172,20,0,640,6,6,1,497
2023-06-26,194,14,0,659,0,6,0,410
2023-06-27,87,1,0,576,1,6,0,550
2023-06-28,73,19,0,368,2,6,0,626
2023-06-29,118,6,1,102,3,6,0,468
2023-06-30,165,20,1,869,4,6,0,773
2023-07-01,147,11,1,115,5,7,1,445
2023-07-02,188,21,0,705,6,7,1,542
2023-07-03,193,17,0,457,0,7,0,392
2023-07-04,146,2,0,745,1,7,0,526
2023-07-05,173,6,1,912,2,7,0,595
2023-07-06,119,10,0,938,3,7,0,739
2023-07-07,142,17,1,232,4,7,0,431
2023-07-08,52,11,0,411,5,7,1,675
2023-07-09,197,5,1,581,6,7,1,490
2023-07-10,196,4,0,994,0,7,0,488
2023-07-11,139,25,1,643,1,7,0,715
2023-07-12,196,0,0,404,2,7,0,261
2023-07-13,197,11,0,368,3,7,0,283
2023-07-14,145,26,1,513,4,7,0,599
2023-07-15,101,30,1,124,5,7,1,579
2023-07-16,177,25,0,415,6,7,1,444
2023-07-17,88,10,1,670,0,7,0,725
2023-07-18,131,3,0,824,1,7,0,541
2023-07-19,153,26,1,767,2,7,0,727
2023-07-20,178,17,0,925,3,7,0,562
2023-07-21,60,3,1,375,4,7,0,651
2023-07-22,200,16,0,488,5,7,1,437
2023-07-23,91,1,0,821,6,7,1,685
2023-07-24,148,28,0,543,0,7,0,553
2023-07-25,56,23,1,526,1,7,0,792
2023-07-26,193,21,0,156,2,7,0,320
2023-07-27,139,1,1,796,3,7,0,635
2023-07-28,161,11,1,665,4,7,0,669
2023-07-29,109,30,1,820,5,7,1,850
2023-07-30,162,5,0,467,6,7,1,421
2023-07-31,51,9,1,441,0,7,0,757
2023-08-01,178,24,1,904,1,8,0,696
2023-08-02,97,22,1,951,2,8,0,881
2023-08-03,189,24,0,403,3,8,0,413
2023-08-04,86,20,1,863,4,8,0,876
2023-08-05,58,22,1,473,5,8,1,821
2023-08-06,148,26,1,915,6,8,1,856
2023-08-07,196,15,1,211,0,8,0,348
2023-08-08,97,30,0,977,1,8,0,881
2023-08-09,180,13,0,105,2,8,0,187
2023-08-10,197,6,1,802,3,8,0,580
2023-08-11,103,27,1,945,4,8,0,933
2023-08-12,169,27,1,378,5,8,1,546
2023-08-13,165,18,1,481,6,8,1,530
2023-08-14,124,22,0,951,0,8,0,727
2023-08-15,162,16,0,112,1,8,0,304
2023-08-16,153,8,0,402,2,8,0,376
2023-08-17,133,25,0,655,3,8,0,627
2023-08-18,161,12,1,716,4,8,0,674
2023-08-19,148,21,1,259,5,8,1,493
2023-08-20,142,4,0,253,6,8,1,300
2023-08-21,195,22,0,853,0,8,0,550
2023-08-22,177,4,1,280,1,8,0,349
2023-08-23,159,9,1,625,2,8,0,554
2023-08-24,131,20,1,279,3,8,0,579
2023-08-25,103,26,1,476,4,8,0,702
2023-08-26,117,9,1,903,5,8,1,793
2023-08-27,82,26,0,875,6,8,1,824
2023-08-28,191,6,0,267,0,8,0,245
2023-08-29,70,25,1,313,1,8,0,710
2023-08-30,97,14,1,249,2,8,0,650
2023-08-31,197,6,0,115,3,8,0,182
2023-09-01,177,28,1,190,4,9,0,487
2023-09-02,185,26,0,219,5,9,1,373
2023-09-03,184,14,0,352,6,9,1,302
2023-09-04,194,2,0,159,0,9,0,159
2023-09-05,177,18,0,365,1,9,0,380
2023-09-06,82,9,1,508,2,9,0,696
2023-09-07,164,27,1,130,3,9,0,455
2023-09-08,168,28,0,120,4,9,0,370
2023-09-09,71,14,1,830,5,9,1,836
2023-09-10,87,2,1,692,6,9,1,734
2023-09-11,158,5,1,388,0,9,0,494
2023-09-12,100,11,1,642,1,9,0,673
2023-09-13,57,14,0,597,2,9,0,718
2023-09-14,76,5,1,845,3,9,0,833
2023-09-15,76,12,0,573,4,9,0,590
2023-09-16,70,28,0,504,5,9,1,732
2023-09-17,79,18,1,647,6,9,1,816
2023-09-18,146,2,0,231,0,9,0,295
2023-09-19,77,7,1,423,1,9,0,594
2023-09-20,160,7,1,957,2,9,0,680
2023-09-21,110,22,0,231,3,9,0,468
2023-09-22,97,25,1,620,4,9,0,718
2023-09-23,196,19,0,129,5,9,1,235
2023-09-24,53,14,0,726,6,9,1,747
2023-09-25,84,3,1,400,0,9,0,566
2023-09-26,98,18,1,103,1,9,0,535
2023-09-27,66,20,1,424,2,9,0,755
2023-09-28,95,2,0,608,3,9,0,544
2023-09-29,166,12,1,336,4,9,0,475
2023-09-30,55,7,0,634,5,9,1,727
2023-10-01,148,22,0,115,6,10,1,379
2023-10-02,173,15,1,633,0,10,0,586
2023-10-03,86,12,1,683,1,10,0,746
2023-10-04,73,2,1,915,2,10,0,788
2023-10-05,142,15,0,545,3,10,0,478
2023-10-06,95,8,1,602,4,10,0,692
2023-10-07,144,27,0,329,5,10,1,496
2023-10-08,148,13,1,206,6,10,1,495
2023-10-09,165,12,1,819,0,10,0,592
2023-10-10,116,20,0,488,1,10,0,505
2023-10-11,177,24,0,819,2,10,0,539
2023-10-12,67,6,1,362,3,10,0,637
2023-10-13,74,14,1,662,4,10,0,737
2023-10-14,103,6,1,164,5,10,1,521
2023-10-15,107,5,1,364,6,10,1,601
2023-10-16,116,1,1,437,0,10,0,585
2023-10-17,153,8,0,400,1,10,0,428
2023-10-18,73,21,0,477,2,10,0,620
2023-10-19,163,23,0,274,3,10,0,340
2023-10-20,81,16,0,251,4,10,0,491
2023-10-21,135,4,1,575,5,10,1,631
2023-10-22,200,11,0,365,6,10,1,311
2023-10-23,176,0,0,428,0,10,0,310
2023-10-24,179,9,0,915,1,10,0,528
2023-10-25,66,10,1,262,2,10,0,662
2023-10-26,153,15,0,537,3,10,0,445
2023-10-27,186,13,1,442,4,10,0,463
2023-10-28,92,7,0,466,5,10,1,592
2023-10-29,88,23,1,564,6,10,1,841
2023-10-30,75,16,0,849,0,10,0,740
2023-10-31,148,24,1,298,1,10,0,563
2023-11-01,99,17,0,599,2,11,0,603
2023-11-02,62,11,1,115,3,11,0,613
2023-11-03,109,24,1,920,4,11,0,917
2023-11-04,184,16,0,395,5,11,1,368
2023-11-05,106,27,1,967,6,11,1,954
2023-11-06,85,25,1,610,0,11,0,827
2023-11-07,69,13,0,887,1,11,0,768
2023-11-08,114,15,0,338,2,11,0,494
2023-11-09,57,13,1,680,3,11,0,836
2023-11-10,193,8,0,400,4,11,0,369
2023-11-11,191,3,0,105,5,11,1,141
2023-11-12,164,24,0,319,6,11,1,443
2023-11-13,192,22,1,865,0,11,0,629
2023-11-14,141,10,1,552,1,11,0,584
2023-11-15,147,5,1,532,2,11,0,515
2023-11-16,115,14,1,906,3,11,0,790
2023-11-17,81,4,1,969,4,11,0,814
2023-11-18,135,10,1,485,5,11,1,604
2023-11-19,100,24,1,718,6,11,1,864
2023-11-20,112,17,0,394,0,11,0,502
2023-11-21,174,29,1,217,1,11,0,522
2023-11-22,199,12,1,504,2,11,0,490
2023-11-23,107,10,0,779,3,11,0,704
2023-11-24,107,13,0,862,4,11,0,703
2023-11-25,135,27,0,693,5,11,1,665
2023-11-26,98,17,1,665,6,11,1,732
2023-11-27,119,26,0,851,0,11,0,704
2023-11-28,64,27,1,977,1,11,0,987
2023-11-29,103,30,1,111,2,11,0,581
2023-11-30,150,24,1,308,3,11,0,609
2023-12-01,57,27,0,264,4,12,0,620
2023-12-02,102,18,0,977,5,12,1,754
2023-12-03,109,23,1,393,6,12,1,704
2023-12-04,157,26,1,618,0,12,0,681
2023-12-05,54,14,1,177,1,12,0,619
2023-12-06,152,8,0,533,2,12,0,513
2023-12-07,55,7,1,676,3,12,0,739
2023-12-08,158,19,0,713,4,12,0,602
2023-12-09,165,27,1,968,5,12,1,813
2023-12-10,143,0,0,911,6,12,1,580
2023-12-11,96,3,1,898,0,12,0,854
2023-12-12,148,13,0,782,1,12,0,604
2023-12-13,104,24,0,176,2,12,0,473
2023-12-14,101,1,0,147,3,12,0,352
2023-12-15,193,15,0,866,4,12,0,544
2023-12-16,62,2,0,181,5,12,1,475
2023-12-17,163,25,0,994,6,12,1,766
2023-12-18,173,7,1,820,0,12,0,620
2023-12-19,155,5,1,308,1,12,0,469
2023-12-20,196,15,1,544,2,12,0,507
2023-12-21,194,23,1,695,3,12,0,631
2023-12-22,169,15,0,621,4,12,0,526
2023-12-23,112,6,1,128,5,12,1,538
2023-12-24,68,29,0,403,6,12,1,715
2023-12-25,141,12,0,564,0,12,0,478
2023-12-26,107,12,0,601,1,12,0,581
2023-12-27,139,4,1,545,2,12,0,559
2023-12-28,166,24,0,727,3,12,0,562
2023-12-29,111,19,1,589,4,12,0,686
2023-12-30,72,21,1,880,5,12,1,948
2023-12-31,176,17,1,527,6,12,1,544
2024-01-01,186,14,1,658,0,1,0,531
2024-01-02,189,17,1,458,1,1,0,444
2024-01-03,178,1,0,190,2,1,0,244
2024-01-04,107,9,0,152,3,1,0,407
2024-01-05,171,22,1,829,4,1,0,695
2024-01-06,50,12,0,959,5,1,1,908
2024-01-07,83,17,1,688,6,1,1,799
2024-01-08,145,14,0,303,0,1,0,418
2024-01-09,175,30,0,655,1,1,0,569
2024-01-10,167,11,0,255,2,1,0,306
2024-01-11,97,14,0,101,3,1,0,407
2024-01-12,138,12,0,456,4,1,0,454
2024-01-13,166,17,0,924,5,1,1,665
2024-01-14,178,14,0,668,6,1,1,534
2024-01-15,65,24,0,901,0,1,0,843
2024-01-16,118,22,0,157,1,1,0,420
2024-01-17,71,10,0,353,2,1,0,558
2024-01-18,142,18,0,279,3,1,0,373
2024-01-19,125,2,0,592,4,1,0,503
2024-01-20,193,6,0,768,5,1,1,533
2024-01-21,135,20,1,134,6,1,1,497
2024-01-22,78,25,0,174,0,1,0,538
2024-01-23,118,13,0,388,1,1,0,520
2024-01-24,96,13,0,470,2,1,0,589
2024-01-25,143,21,0,686,3,1,0,600
2024-01-26,193,12,0,428,4,1,0,348
2024-01-27,134,11,0,689,5,1,1,561
2024-01-28,88,23,1,866,6,1,1,935
2024-01-29,149,8,1,876,0,1,0,657
2024-01-30,82,0,1,403,1,1,0,540
2024-01-31,150,18,0,678,2,1,0,596
2024-02-01,72,10,0,320,3,2,0,554
2024-02-02,59,22,0,263,4,2,0,632
2024-02-03,118,21,1,579,5,2,1,717
2024-02-04,149,22,0,554,6,2,1,586
2024-02-05,83,23,0,474,0,2,0,634
2024-02-06,187,21,1,319,1,2,0,457
2024-02-07,196,18,1,783,2,2,0,649
2024-02-08,145,17,0,353,3,2,0,440
2024-02-09,50,11,0,821,4,2,0,771
2024-02-10,118,22,0,287,5,2,1,486
2024-02-11,53,27,0,290,6,2,1,694
2024-02-12,65,27,1,488,0,2,0,841
2024-02-13,73,27,0,314,1,2,0,600
2024-02-14,129,26,0,474,2,2,0,591
2024-02-15,51,0,1,185,3,2,0,552
2024-02-16,177,18,0,573,4,2,0,496
2024-02-17,133,27,0,717,5,2,1,695
2024-02-18,189,26,1,943,6,2,1,776
2024-02-19,173,19,1,907,0,2,0,700
2024-02-20,82,28,0,630,1,2,0,747
2024-02-21,150,29,1,146,2,2,0,494
2024-02-22,61,16,1,164,3,2,0,620
2024-02-23,116,4,0,574,4,2,0,481
2024-02-24,114,25,1,245,5,2,1,610
2024-02-25,123,2,0,897,6,2,1,646
2024-02-26,92,1,0,481,0,2,0,531
2024-02-27,93,30,0,165,1,2,0,557
2024-02-28,78,2,0,616,2,2,0,591
2024-02-29,190,7,1,192,3,2,0,336
2024-03-01,61,15,0,964,4,3,0,899
2024-03-02,144,5,0,525,5,3,1,491
2024-03-03,95,12,0,567,6,3,1,621
2024-03-04,179,29,0,193,0,3,0,324
2024-03-05,84,22,1,717,1,3,0,813
2024-03-06,130,27,1,232,2,3,0,551
2024-03-07,139,21,1,533,3,3,0,710
2024-03-08,57,21,0,440,4,3,0,652
2024-03-09,142,15,1,413,5,3,1,598
2024-03-10,139,27,1,690,6,3,1,784
2024-03-11,164,15,0,311,0,3,0,415
2024-03-12,154,2,1,619,1,3,0,560
2024-03-13,184,27,0,258,2,3,0,365
2024-03-14,107,12,1,367,3,3,0,586
2024-03-15,163,13,1,760,4,3,0,664
2024-03-16,124,7,1,961,5,3,1,791
2024-03-17,169,11,1,702,6,3,1,605
2024-03-18,70,22,0,847,0,3,0,803
2024-03-19,187,22,0,573,1,3,0,435
2024-03-20,150,21,1,900,2,3,0,831
2024-03-21,148,20,0,509,3,3,0,535
2024-03-22,85,25,1,573,4,3,0,843
2024-03-23,145,7,1,455,5,3,1,582
2024-03-24,200,20,1,779,6,3,1,697
2024-03-25,86,24,1,292,0,3,0,686
2024-03-26,61,8,1,798,1,3,0,869
2024-03-27,162,0,1,370,2,3,0,370
2024-03-28,62,5,0,213,3,3,0,469
2024-03-29,72,22,0,996,4,3,0,876
2024-03-30,148,18,1,622,5,3,1,685
2024-03-31,154,22,0,154,6,3,1,401
2024-04-01,79,10,1,869,0,4,0,862
2024-04-02,66,10,0,164,1,4,0,507
2024-04-03,162,22,0,783,2,4,0,634
2024-04-04,111,29,0,371,3,4,0,600
2024-04-05,133,12,1,601,4,4,0,679
2024-04-06,161,10,0,761,5,4,1,607
2024-04-07,135,17,1,461,6,4,1,643
2024-04-08,190,22,1,245,0,4,0,499
2024-04-09,68,14,1,308,1,4,0,707
2024-04-10,149,0,0,385,2,4,0,340
2024-04-11,189,20,0,109,3,4,0,286
2024-04-12,196,24,0,838,4,4,0,517
2024-04-13,125,6,1,285,5,4,1,482
2024-04-14,58,22,1,673,6,4,1,887
2024-04-15,77,26,0,696,0,4,0,737
2024-04-16,177,12,1,563,1,4,0,525
2024-04-17,101,11,0,233,2,4,0,465
2024-04-18,132,17,0,934,3,4,0,740
2024-04-19,160,23,0,908,4,4,0,702
2024-04-20,193,18,0,270,5,4,1,363
2024-04-21,166,14,1,312,6,4,1,469
2024-04-22,118,7,0,629,0,4,0,543
2024-04-23,148,18,0,925,1,4,0,692
2024-04-24,189,9,0,601,2,4,0,391
2024-04-25,74,6,0,671,3,4,0,621
2024-04-26,172,17,0,699,4,4,0,544
2024-04-27,102,15,0,126,5,4,1,459
2024-04-28,200,19,0,167,6,4,1,294
2024-04-29,193,26,1,889,0,4,0,742
2024-04-30,106,5,1,507,1,4,0,657
2024-05-01,88,26,1,651,2,5,0,873
2024-05-02,158,8,1,208,3,5,0,393
2024-05-03,91,20,0,173,4,5,0,505
2024-05-04,191,12,1,677,5,5,1,584
2024-05-05,171,24,1,779,6,5,1,735
2024-05-06,182,30,1,361,0,5,0,501
2024-05-07,124,20,0,467,1,5,0,502
2024-05-08,195,25,1,885,2,5,0,693
2024-05-09,125,7,1,948,3,5,0,744
2024-05-10,58,15,0,969,4,5,0,880
2024-05-11,123,12,1,336,5,5,1,538
2024-05-12,194,12,0,826,6,5,1,495
2024-05-13,56,16,1,465,0,5,0,747
2024-05-14,190,22,0,385,1,5,0,343
2024-05-15,186,19,1,477,2,5,0,569
2024-05-16,76,4,1,760,3,5,0,772
2024-05-17,171,21,1,929,4,5,0,722
2024-05-18,54,20,0,475,5,5,1,731
2024-05-19,78,27,1,718,6,5,1,928
2024-05-20,132,16,0,752,0,5,0,628
2024-05-21,185,27,0,175,1,5,0,338
2024-05-22,158,8,0,108,2,5,0,243
2024-05-23,114,1,0,295,3,5,0,419
2024-05-24,135,24,1,906,4,5,0,860
2024-05-25,194,25,1,891,5,5,1,722
2024-05-26,120,17,1,992,6,5,1,851
2024-05-27,94,8,0,729,0,5,0,654
2024-05-28,181,5,1,389,1,5,0,424
2024-05-29,85,10,0,160,2,5,0,413
2024-05-30,119,24,0,488,3,5,0,567
2024-05-31,68,28,0,946,4,5,0,941
2024-06-01,157,5,1,917,5,6,1,667
2024-06-02,140,5,1,999,6,6,1,754
2024-06-03,139,12,0,662,0,6,0,518
2024-06-04,68,10,1,663,1,6,0,753
2024-06-05,88,13,1,733,2,6,0,769
2024-06-06,175,1,0,778,3,6,0,480
2024-06-07,190,7,0,107,4,6,0,237
2024-06-08,175,2,1,468,5,6,1,483
2024-06-09,107,22,0,144,6,6,1,463
2024-06-10,197,20,0,443,0,6,0,429
2024-06-11,110,2,1,856,1,6,0,670
2024-06-12,176,0,1,895,2,6,0,626
2024-06-13,154,23,0,474,3,6,0,466
2024-06-14,50,18,1,718,4,6,0,876
2024-06-15,180,17,0,126,5,6,1,322
2024-06-16,141,16,0,292,6,6,1,397
2024-06-17,162,19,1,948,0,6,0,754
2024-06-18,105,28,0,456,1,6,0,619
2024-06-19,166,23,0,161,2,6,0,391
2024-06-20,183,12,0,161,3,6,0,340
2024-06-21,107,2,1,521,4,6,0,558
2024-06-22,93,29,1,893,5,6,1,989
2024-06-23,110,0,1,732,6,6,1,702
2024-06-24,96,3,0,891,0,6,0,655
2024-06-25,198,24,0,650,1,6,0,495
2024-06-26,129,12,1,479,2,6,0,555
2024-06-27,167,16,1,376,3,6,0,459
2024-06-28,196,27,1,705,4,6,0,573
2024-06-29,69,29,0,530,5,6,1,765
2024-06-30,195,10,1,214,6,6,1,385
2024-07-01,96,1,0,787,0,7,0,598
2024-07-02,98,24,1,220,1,7,0,653
2024-07-03,63,15,0,624,2,7,0,674
2024-07-04,192,1,0,998,3,7,0,554
2024-07-05,50,28,1,515,4,7,0,845
2024-07-06,166,18,0,262,5,7,1,368
2024-07-07,103,22,1,886,6,7,1,880
2024-07-08,167,18,0,787,0,7,0,528
2024-07-09,52,24,0,436,1,7,0,692
2024-07-10,193,15,1,478,2,7,0,476
2024-07-11,61,21,0,423,3,7,0,663
2024-07-12,123,18,1,272,4,7,0,574
2024-07-13,65,8,1,886,5,7,1,893
2024-07-14,151,0,1,163,6,7,1,344
2024-07-15,166,9,0,200,0,7,0,316
2024-07-16,57,18,0,421,1,7,0,640
2024-07-17,171,0,0,165,2,7,0,162
2024-07-18,141,1,1,942,3,7,0,704
2024-07-19,139,15,1,656,4,7,0,666
2024-07-20,185,11,0,698,5,7,1,478
2024-07-21,109,7,0,557,6,7,1,559
2024-07-22,77,22,1,678,0,7,0,804
2024-07-23,150,17,0,552,1,7,0,513
2024-07-24,90,1,1,358,2,7,0,567
2024-07-25,194,24,0,816,3,7,0,526
2024-07-26,190,28,1,525,4,7,0,614
2024-07-27,95,12,0,277,5,7,1,486
2024-07-28,84,5,0,379,6,7,1,452
2024-07-29,183,20,1,443,0,7,0,492
2024-07-30,131,25,1,116,1,7,0,535
2024-07-31,164,5,1,395,2,7,0,444
2024-08-01,96,8,0,301,3,8,0,411
2024-08-02,59,15,1,783,4,8,0,831
2024-08-03,105,10,1,873,5,8,1,778
2024-08-04,79,6,0,293,6,8,1,493
2024-08-05,158,30,1,248,0,8,0,517
2024-08-06,54,9,1,474,1,8,0,733
2024-08-07,168,9,1,987,2,8,0,699
2024-08-08,82,29,0,134,3,8,0,531
2024-08-09,167,24,0,468,4,8,0,518
2024-08-10,114,19,0,128,5,8,1,465
2024-08-11,195,17,1,874,6,8,1,689
2024-08-12,60,27,0,320,0,8,0,580
2024-08-13,134,23,1,152,1,8,0,477
2024-08-14,75,19,1,890,2,8,0,844
2024-08-15,112,28,1,452,3,8,0,665
2024-08-16,135,8,0,491,4,8,0,482
2024-08-17,108,30,0,175,5,8,1,514
2024-08-18,76,14,1,593,6,8,1,809
2024-08-19,147,3,1,787,0,8,0,648
2024-08-20,154,30,0,621,1,8,0,583
2024-08-21,148,7,0,216,2,8,0,350
2024-08-22,178,8,0,379,3,8,0,368
2024-08-23,198,12,1,829,4,8,0,601
2024-08-24,104,8,0,274,5,8,1,470
2024-08-25,55,25,0,845,6,8,1,893
2024-08-26,144,3,0,863,0,8,0,521
2024-08-27,182,16,1,394,1,8,0,461
2024-08-28,151,15,0,550,2,8,0,484
2024-08-29,52,14,1,933,3,8,0,919
2024-08-30,72,2,1,617,4,8,0,680
2024-08-31,102,24,1,120,5,8,1,615
2024-09-01,132,19,0,172,6,9,1,425
2024-09-02,194,4,0,941,0,9,0,506
2024-09-03,134,22,0,135,1,9,0,429
2024-09-04,127,4,1,606,2,9,0,593
2024-09-05,159,19,0,998,3,9,0,655
2024-09-06,50,14,1,332,4,9,0,734
2024-09-07,100,17,0,827,5,9,1,691
2024-09-08,53,14,0,596,6,9,1,724
2024-09-09,162,1,0,305,0,9,0,271
2024-09-10,81,28,0,525,1,9,0,687
2024-09-11,83,12,1,143,2,9,0,558
2024-09-12,141,3,1,190,3,9,0,418
2024-09-13,144,9,1,927,4,9,0,749
2024-09-14,121,12,1,569,5,9,1,658
2024-09-15,88,9,0,704,6,9,1,665
2024-09-16,167,28,1,566,0,9,0,638
2024-09-17,52,30,1,950,1,9,0,1043
2024-09-18,172,8,1,553,2,9,0,468
2024-09-19,99,7,0,694,3,9,0,614
2024-09-20,61,2,1,432,4,9,0,639
2024-09-21,103,15,1,606,5,9,1,734
2024-09-22,182,30,0,893,6,9,1,652
2024-09-23,106,13,0,569,0,9,0,549
2024-09-24,194,8,1,120,1,9,0,259
2024-09-25,161,29,1,327,2,9,0,539
2024-09-26,96,20,0,475,3,9,0,599
2024-09-27,200,10,1,229,4,9,0,314
2024-09-28,134,2,0,786,5,9,1,612
2024-09-29,191,4,1,719,6,9,1,619
2024-09-30,115,28,1,513,0,9,0,718
2024-10-01,124,9,1,894,1,10,0,745
2024-10-02,152,12,1,170,2,10,0,388
2024-10-03,87,3,1,503,3,10,0,645
2024-10-04,99,23,0,661,4,10,0,717
2024-10-05,147,12,0,706,5,10,1,628
2024-10-06,131,11,1,890,6,10,1,812
2024-10-07,79,4,1,496,0,10,0,677
2024-10-08,128,9,1,436,1,10,0,567
2024-10-09,140,27,0,743,2,10,0,612
2024-10-10,101,23,0,604,3,10,0,643
2024-10-11,128,8,0,375,4,10,0,419
2024-10-12,79,19,0,991,5,10,1,852
2024-10-13,155,6,0,112,6,10,1,265
2024-10-14,100,1,0,102,0,10,0,360
2024-10-15,130,21,0,323,1,10,0,457
2024-10-16,182,23,0,274,2,10,0,341
2024-10-17,78,27,1,998,3,10,0,948
2024-10-18,181,22,0,484,4,10,0,440
2024-10-19,187,6,0,701,5,10,1,503
2024-10-20,194,7,0,340,6,10,1,304
2024-10-21,123,6,0,646,0,10,0,542
2024-10-22,66,20,1,113,1,10,0,663
2024-10-23,133,22,0,294,2,10,0,489
2024-10-24,118,28,1,496,3,10,0,711
2024-10-25,83,13,1,530,4,10,0,719
2024-10-26,55,25,1,405,5,10,1,780
2024-10-27,102,18,0,433,6,10,1,560
2024-10-28,175,4,0,824,0,10,0,495
2024-10-29,92,22,0,509,1,10,0,626
2024-10-30,164,30,1,102,2,10,0,429
2024-10-31,160,24,1,790,3,10,0,728
2024-11-01,200,30,1,651,4,11,0,597
2024-11-02,129,17,1,551,5,11,1,706
2024-11-03,144,19,0,775,6,11,1,640
2024-11-04,167,11,0,918,0,11,0,579
2024-11-05,193,22,0,846,1,11,0,529
2024-11-06,57,16,1,868,2,11,0,883
2024-11-07,181,12,1,971,3,11,0,721
2024-11-08,153,1,0,594,4,11,0,440
2024-11-09,181,24,0,516,5,11,1,501
2024-11-10,74,12,1,490,6,11,1,781
2024-11-11,145,25,0,472,0,11,0,479
2024-11-12,142,6,0,727,1,11,0,552
2024-11-13,110,27,1,151,2,11,0,523
2024-11-14,171,9,1,475,3,11,0,475
2024-11-15,100,22,1,494,4,11,0,668
2024-11-16,196,5,0,241,5,11,1,280
2024-11-17,70,2,1,185,6,11,1,512
2024-11-18,54,25,0,563,0,11,0,730
2024-11-19,141,2,0,145,1,11,0,246
2024-11-20,110,17,1,943,2,11,0,812
2024-11-21,71,10,0,337,3,11,0,517
2024-11-22,198,21,1,109,4,11,0,387
2024-11-23,119,19,1,763,5,11,1,777
2024-11-24,50,4,0,672,6,11,1,766
2024-11-25,182,18,0,629,0,11,0,531
2024-11-26,61,21,1,697,1,11,0,920
2024-11-27,139,26,1,748,2,11,0,744
2024-11-28,95,27,1,841,3,11,0,883
2024-11-29,83,18,1,739,4,11,0,826
2024-11-30,127,29,1,715,5,11,1,791
2024-12-01,94,14,1,797,6,12,1,844
2024-12-02,122,29,0,277,0,12,0,484
2024-12-03,75,15,0,968,1,12,0,756
2024-12-04,96,23,0,105,2,12,0,486
2024-12-05,170,8,0,952,3,12,0,570
2024-12-06,105,3,1,406,4,12,0,538
2024-12-07,143,14,0,647,5,12,1,547
2024-12-08,156,24,0,426,6,12,1,554
2024-12-09,112,11,1,455,0,12,0,627
2024-12-10,97,22,0,892,1,12,0,727
2024-12-11,110,2,1,494,2,12,0,552
2024-12-12,130,22,1,399,3,12,0,601
2024-12-13,75,13,1,625,4,12,0,779
2024-12-14,85,16,1,848,5,12,1,855
2024-12-15,50,18,1,384,6,12,1,768
2024-12-16,57,5,0,429,0,12,0,586
2024-12-17,162,3,0,149,1,12,0,255
2024-12-18,148,6,0,872,2,12,0,511
2024-12-19,96,29,1,721,3,12,0,848
2024-12-20,176,18,0,808,4,12,0,509
2024-12-21,105,16,0,477,5,12,1,582
2024-12-22,63,24,0,863,6,12,1,854
2024-12-23,77,15,0,699,0,12,0,668
2024-12-24,127,14,1,924,1,12,0,811
2024-12-25,179,21,0,637,2,12,0,468
2024-12-26,158,7,1,873,3,12,0,653
2024-12-27,63,18,1,243,4,12,0,688
2024-12-28,105,7,0,159,5,12,1,402
2024-12-29,164,17,1,967,6,12,1,751
2024-12-30,56,27,1,879,0,12,0,967
2024-12-31,52,15,1,174,1,12,0,657
2025-01-01,160,19,1,102,2,1,0,464
2025-01-02,200,18,1,674,3,1,0,537
2025-01-03,156,9,1,847,4,1,0,651
2025-01-04,67,16,1,547,5,1,1,792
2025-01-05,87,30,0,840,6,1,1,854
2025-01-06,164,12,0,374,0,1,0,363
2025-01-07,64,12,1,629,1,1,0,809
2025-01-08,168,6,1,691,2,1,0,548
2025-01-09,77,26,0,314,3,1,0,550
2025-01-10,88,9,0,782,4,1,0,703
2025-01-11,66,1,0,584,5,1,1,661
2025-01-12,135,3,0,428,6,1,1,483
2025-01-13,175,24,1,354,0,1,0,457
2025-01-14,93,5,1,486,1,1,0,618
2025-01-15,74,23,0,225,2,1,0,554
2025-01-16,194,17,0,866,3,1,0,601
2025-01-17,62,22,0,683,4,1,0,759
2025-01-18,74,5,0,649,5,1,1,631
2025-01-19,117,28,1,423,6,1,1,719
2025-01-20,187,29,0,303,0,1,0,436
2025-01-21,116,24,0,271,1,1,0,534
2025-01-22,158,22,0,834,2,1,0,649
2025-01-23,195,16,1,316,3,1,0,429
2025-01-24,160,13,1,344,4,1,0,420
2025-01-25,160,23,1,435,5,1,1,605
2025-01-26,83,10,0,802,6,1,1,745
2025-01-27,160,25,0,397,0,1,0,464
2025-01-28,57,30,0,931,1,1,0,935
2025-01-29,162,18,1,281,2,1,0,478
2025-01-30,132,29,1,433,3,1,0,648
2025-01-31,91,1,0,610,4,1,0,603
2025-02-01,150,27,0,482,5,2,1,554
2025-02-02,55,2,1,816,6,2,1,867
2025-02-03,75,10,0,972,0,2,0,824
2025-02-04,113,5,0,298,1,2,0,397
2025-02-05,108,28,0,431,2,2,0,571
2025-02-06,158,13,1,264,3,2,0,504
2025-02-07,170,18,0,341,4,2,0,377
2025-02-08,82,25,0,999,5,2,1,920
2025-02-09,199,15,0,741,6,2,1,459
2025-02-10,70,20,0,326,0,2,0,524
2025-02-11,119,21,1,733,1,2,0,780
2025-02-12,161,23,1,655,2,2,0,660
2025-02-13,53,6,1,550,3,2,0,764
2025-02-14,143,29,0,295,4,2,0,542
2025-02-15,124,26,1,969,5,2,1,871
2025-02-16,111,7,0,303,6,2,1,474
2025-02-17,143,18,1,557,0,2,0,680
2025-02-18,144,19,0,929,1,2,0,654
2025-02-19,104,15,1,356,2,2,0,601
2025-02-20,186,21,1,628,3,2,0,540
2025-02-21,180,26,1,371,4,2,0,594
2025-02-22,80,6,0,108,5,2,1,386
2025-02-23,89,8,0,860,6,2,1,769
2025-02-24,85,12,0,300,0,2,0,479
2025-02-25,55,0,1,158,1,2,0,530
2025-02-26,115,28,0,986,2,2,0,845
2025-02-27,124,30,0,492,3,2,0,585
2025-02-28,53,7,0,751,4,2,0,758
2025-03-01,128,23,0,218,5,3,1,528
2025-03-02,183,21,0,652,6,3,1,546
2025-03-03,167,3,0,498,0,3,0,417
2025-03-04,162,2,1,933,1,3,0,672
2025-03-05,143,26,1,430,2,3,0,630
2025-03-06,111,2,0,366,3,3,0,425
2025-03-07,128,21,1,619,4,3,0,764
2025-03-08,185,12,1,794,5,3,1,670
2025-03-09,75,7,0,579,6,3,1,672
2025-03-10,93,6,0,233,0,3,0,470
2025-03-11,182,26,1,792,1,3,0,672
2025-03-12,119,0,0,454,2,3,0,482
2025-03-13,167,26,1,683,3,3,0,726
2025-03-14,117,15,1,597,4,3,0,648
2025-03-15,68,5,1,724,5,3,1,835
2025-03-16,69,6,0,206,6,3,1,516
2025-03-17,162,11,1,389,0,3,0,481
2025-03-18,189,22,0,924,1,3,0,579
2025-03-19,96,8,0,728,2,3,0,681
2025-03-20,50,26,0,731,3,3,0,839
2025-03-21,139,10,0,246,4,3,0,374
2025-03-22,191,9,0,426,5,3,1,390
2025-03-23,113,20,1,514,6,3,1,716
2025-03-24,87,0,0,309,0,3,0,438
2025-03-25,86,17,0,395,1,3,0,585
2025-03-26,175,30,0,497,2,3,0,508
2025-03-27,188,3,0,202,3,3,0,177
2025-03-28,149,4,0,735,4,3,0,507
2025-03-29,126,8,1,856,5,3,1,732
2025-03-30,52,26,0,607,6,3,1,759
2025-03-31,183,30,0,990,0,3,0,704
2025-04-01,59,16,1,967,1,4,0,937
2025-04-02,54,2,0,308,2,4,0,565
2025-04-03,200,15,1,527,3,4,0,440
2025-04-04,187,4,1,492,4,4,0,443
2025-04-05,179,15,1,925,5,4,1,707
2025-04-06,62,2,1,208,6,4,1,561
2025-04-07,179,19,0,988,0,4,0,641
2025-04-08,133,14,0,447,1,4,0,447
2025-04-09,114,29,1,149,2,4,0,592
2025-04-10,112,2,1,204,3,4,0,498
2025-04-11,150,19,0,519,4,4,0,519
2025-04-12,122,13,1,472,5,4,1,660
2025-04-13,66,30,1,126,6,4,1,738
2025-04-14,58,15,1,899,0,4,0,926
2025-04-15,192,28,0,868,1,4,0,587
2025-04-16,87,28,1,372,2,4,0,705
2025-04-17,143,30,0,748,3,4,0,654
2025-04-18,144,30,0,439,4,4,0,515
2025-04-19,98,16,0,400,5,4,1,606
2025-04-20,118,27,1,579,6,4,1,785
2025-04-21,111,23,1,933,0,4,0,825
2025-04-22,127,19,0,643,1,4,0,582
2025-04-23,166,22,0,656,2,4,0,516
2025-04-24,169,17,0,364,3,4,0,411
2025-04-25,186,17,1,641,4,4,0,610
2025-04-26,125,21,1,695,5,4,1,785
2025-04-27,84,13,0,265,6,4,1,521
2025-04-28,50,17,0,415,0,4,0,650
2025-04-29,89,14,1,100,1,4,0,499
2025-04-30,113,14,0,860,2,4,0,657
2025-05-01,199,5,1,360,3,5,0,401
2025-05-02,109,26,1,162,4,5,0,625
2025-05-03,113,14,0,582,5,5,1,590
2025-05-04,142,17,0,775,6,5,1,647
2025-05-05,121,3,1,420,0,5,0,568
2025-05-06,60,22,1,945,1,5,0,923
2025-05-07,154,7,1,300,2,5,0,421
2025-05-08,63,14,1,321,3,5,0,737
2025-05-09,109,2,1,251,4,5,0,469
2025-05-10,79,29,0,743,5,5,1,808
2025-05-11,84,14,1,725,6,5,1,809
2025-05-12,54,12,1,561,0,5,0,722
2025-05-13,132,8,1,316,1,5,0,510
2025-05-14,172,1,0,295,2,5,0,283
2025-05-15,127,23,0,892,3,5,0,728
2025-05-16,111,7,1,301,4,5,0,536
2025-05-17,181,28,1,746,5,5,1,698
2025-05-18,138,29,0,333,6,5,1,522
2025-05-19,91,19,0,240,0,5,0,499
2025-05-20,138,16,0,807,1,5,0,602
2025-05-21,195,12,0,597,2,5,0,389
2025-05-22,89,0,1,654,3,5,0,659
2025-05-23,121,1,0,156,4,5,0,348
2025-05-24,88,29,1,603,5,5,1,854
2025-05-25,153,14,1,241,6,5,1,496
2025-05-26,63,11,0,821,0,5,0,821
2025-05-27,81,13,0,683,1,5,0,653
2025-05-28,174,24,0,835,2,5,0,645
2025-05-29,146,28,0,638,3,5,0,600
2025-05-30,72,1,1,739,4,5,0,766
2025-05-31,112,17,1,205,5,5,1,598
2025-06-01,192,21,1,264,6,6,1,442
2025-06-02,194,6,0,314,0,6,0,236
2025-06-03,102,28,1,170,1,6,0,577
2025-06-04,153,22,0,815,2,6,0,567
2025-06-05,153,30,1,764,3,6,0,768
2025-06-06,88,28,0,678,4,6,0,753
2025-06-07,183,24,1,189,5,6,1,507
2025-06-08,116,5,1,871,6,6,1,784
2025-06-09,184,13,0,973,0,6,0,606
2025-06-10,91,7,1,327,1,6,0,581
2025-06-11,64,26,1,178,2,6,0,687
2025-06-12,160,21,0,707,3,6,0,600
2025-06-13,82,1,0,448,4,6,0,526
2025-06-14,87,16,0,941,5,6,1,797
2025-06-15,146,4,0,993,6,6,1,649
2025-06-16,82,13,0,345,0,6,0,562
2025-06-17,135,24,1,371,1,6,0,584
2025-06-18,115,23,0,502,2,6,0,612
2025-06-19,59,29,1,768,3,6,0,991
2025-06-20,54,28,1,215,4,6,0,745
2025-06-21,172,19,0,534,5,6,1,517
2025-06-22,123,20,1,629,6,6,1,746
2025-06-23,146,28,1,541,0,6,0,641
2025-06-24,167,20,0,271,1,6,0,348
2025-06-25,87,21,1,115,2,6,0,551
2025-06-26,190,2,0,851,3,6,0,487
2025-06-27,96,4,0,997,4,6,0,715
2025-06-28,158,15,0,155,5,6,1,350
2025-06-29,64,17,1,690,6,6,1,876
2025-06-30,185,25,1,202,0,6,0,411
2025-07-01,54,16,1,383,1,7,0,705
2025-07-02,96,10,1,804,2,7,0,784
2025-07-03,117,16,0,616,3,7,0,579
2025-07-04,125,15,1,717,4,7,0,701
2025-07-05,179,25,0,377,5,7,1,412
2025-07-06,144,22,1,984,6,7,1,835
2025-07-07,164,1,1,711,0,7,0,606
2025-07-08,85,3,1,849,1,7,0,766
2025-07-09,75,20,1,368,2,7,0,658
2025-07-10,92,6,1,932,3,7,0,843
2025-07-11,76,1,0,499,4,7,0,563
2025-07-12,118,29,1,602,5,7,1,781
2025-07-13,197,5,1,185,6,7,1,290
2025-07-14,60,16,1,419,0,7,0,687
2025-07-15,123,6,1,131,1,7,0,385
2025-07-16,153,24,0,435,2,7,0,496
2025-07-17,87,4,1,150,3,7,0,532
2025-07-18,183,4,0,178,4,7,0,234
2025-07-19,72,19,1,797,5,7,1,953
2025-07-20,96,15,0,273,6,7,1,504
2025-07-21,139,18,0,717,0,7,0,584
2025-07-22,95,8,0,600,1,7,0,588
2025-07-23,156,4,0,674,2,7,0,466
2025-07-24,189,7,0,175,3,7,0,237
2025-07-25,190,8,1,415,4,7,0,402
2025-07-26,153,4,0,932,5,7,1,570
2025-07-27,160,9,1,472,6,7,1,485
2025-07-28,153,24,0,180,0,7,0,395
2025-07-29,109,1,0,972,1,7,0,655
2025-07-30,149,8,1,739,2,7,0,598
2025-07-31,117,10,0,794,3,7,0,610
2025-08-01,182,3,0,854,4,8,0,543
2025-08-02,169,21,0,796,5,8,1,573
2025-08-03,86,21,0,831,6,8,1,809
2025-08-04,121,21,1,170,0,8,0,535
2025-08-05,176,1,0,953,1,8,0,566
2025-08-06,155,22,0,765,2,8,0,594
2025-08-07,141,28,1,856,3,8,0,745
2025-08-08,80,5,1,751,4,8,0,787
2025-08-09,171,26,0,170,5,8,1,370
2025-08-10,186,13,0,145,6,8,1,311
2025-08-11,100,0,1,146,0,8,0,474
2025-08-12,78,17,0,690,1,8,0,726
2025-08-13,89,6,1,521,2,8,0,723
2025-08-14,90,0,0,248,3,8,0,419
2025-08-15,60,30,1,229,4,8,0,756
2025-08-16,200,0,1,555,5,8,1,431
2025-08-17,50,0,1,738,6,8,1,833
2025-08-18,95,23,0,976,0,8,0,792
2025-08-19,150,3,0,730,1,8,0,513
2025-08-20,198,3,0,968,2,8,0,509
2025-08-21,139,28,0,604,3,8,0,533
2025-08-22,159,17,1,873,4,8,0,689
2025-08-23,106,26,1,343,5,8,1,683
2025-08-24,50,10,1,573,6,8,1,733
2025-08-25,112,26,0,481,0,8,0,587
2025-08-26,104,0,0,202,1,8,0,394
2025-08-27,164,27,0,588,2,8,0,573
2025-08-28,192,9,1,136,3,8,0,283
2025-08-29,198,8,0,753,4,8,0,477
2025-08-30,102,22,0,648,5,8,1,723
2025-08-31,186,3,1,619,6,8,1,448
2025-09-01,106,27,1,842,0,9,0,853
2025-09-02,166,5,0,432,1,9,0,363
2025-09-03,84,29,1,496,2,9,0,811
2025-09-04,112,15,0,395,3,9,0,508
2025-09-05,74,1,1,206,4,9,0,571
2025-09-06,139,22,1,959,5,9,1,812
2025-09-07,124,17,1,629,6,9,1,661
2025-09-08,87,9,0,924,0,9,0,711
2025-09-09,179,23,0,182,1,9,0,367
2025-09-10,184,23,0,387,2,9,0,420
2025-09-11,140,16,1,805,3,9,0,782
2025-09-12,66,12,1,560,4,9,0,699
2025-09-13,177,23,1,314,5,9,1,538
2025-09-14,157,17,1,380,6,9,1,566
2025-09-15,74,21,0,831,0,9,0,771
2025-09-16,137,12,0,558,1,9,0,522
2025-09-17,78,16,0,900,2,9,0,778
2025-09-18,112,4,1,443,3,9,0,577
2025-09-19,199,10,1,293,4,9,0,380
2025-09-20,163,6,0,257,5,9,1,356
2025-09-21,98,28,1,564,6,9,1,792
2025-09-22,130,9,0,203,0,9,0,410
2025-09-23,133,16,1,133,1,9,0,451
2025-09-24,154,14,1,201,2,9,0,489
2025-09-25,197,17,0,738,3,9,0,442
2025-09-26,167,22,0,825,4,9,0,566
2025-09-27,135,21,1,424,5,9,1,597
2025-09-28,112,18,0,907,6,9,1,778
2025-09-29,153,29,0,790,0,9,0,621
2025-09-30,98,25,1,691,1,9,0,840
2025-10-01,120,1,1,240,2,10,0,437
2025-10-02,50,25,1,573,3,10,0,858
2025-10-03,190,3,0,130,4,10,0,198
2025-10-04,172,2,1,983,5,10,1,650
2025-10-05,111,6,1,162,6,10,1,452
2025-10-06,81,23,1,659,0,10,0,816
2025-10-07,78,17,1,186,1,10,0,586
2025-10-08,98,9,1,403,2,10,0,616
2025-10-09,79,6,0,160,3,10,0,387
2025-10-10,193,7,1,495,4,10,0,428
2025-10-11,68,5,1,433,5,10,1,678
2025-10-12,67,21,0,885,6,10,1,773
2025-10-13,50,25,1,510,0,10,0,850
2025-10-14,127,0,1,383,1,10,0,468
2025-10-15,164,3,0,565,2,10,0,449
2025-10-16,162,13,1,179,3,10,0,383
2025-10-17,163,16,0,791,4,10,0,546
2025-10-18,112,19,1,883,5,10,1,808
2025-10-19,181,17,0,176,6,10,1,349
2025-10-20,178,10,0,832,0,10,0,532
2025-10-21,57,28,1,893,1,10,0,1017
2025-10-22,104,20,0,639,2,10,0,633
2025-10-23,152,25,0,460,3,10,0,495
2025-10-24,180,13,1,176,4,10,0,316
2025-10-25,81,8,1,608,5,10,1,724
2025-10-26,59,26,0,263,6,10,1,644
2025-10-27,159,14,1,108,0,10,0,398
2025-10-28,173,11,0,274,1,10,0,365
2025-10-29,136,9,0,561,2,10,0,433
2025-10-30,104,18,1,406,3,10,0,643
2025-10-31,81,23,1,687,4,10,0,808
2025-11-01,184,18,0,344,5,11,1,387
2025-11-02,142,5,1,221,6,11,1,457
2025-11-03,57,19,1,284,0,11,0,684
2025-11-04,114,23,0,131,1,11,0,400
2025-11-05,106,26,0,861,2,11,0,718
2025-11-06,116,5,0,668,3,11,0,547
2025-11-07,121,7,0,409,4,11,0,409
2025-11-08,103,0,0,471,5,11,1,504
2025-11-09,116,21,0,755,6,11,1,692
2025-11-10,100,16,1,929,0,11,0,773
2025-11-11,146,16,0,695,1,11,0,619
2025-11-12,141,23,1,155,2,11,0,492
2025-11-13,57,14,1,890,3,11,0,834
2025-11-14,84,6,0,372,4,11,0,513
2025-11-15,145,18,1,563,5,11,1,644
2025-11-16,137,21,0,777,6,11,1,627
2025-11-17,127,30,1,555,0,11,0,722
2025-11-18,81,24,0,769,1,11,0,732
2025-11-19,169,22,0,348,2,11,0,412
2025-11-20,95,27,0,797,3,11,0,738
2025-11-21,193,2,0,177,4,11,0,163
2025-11-22,191,29,1,633,5,11,1,641
2025-11-23,104,29,1,207,6,11,1,596
2025-11-24,56,28,1,372,0,11,0,769
2025-11-25,123,21,1,863,1,11,0,819
2025-11-26,56,10,1,114,2,11,0,617
2025-11-27,200,19,0,469,3,11,0,410
2025-11-28,134,29,0,403,4,11,0,574
2025-11-29,196,28,0,771,5,11,1,568
2025-11-30,161,18,0,304,6,11,1,384
2025-12-01,174,8,0,212,0,12,0,301
2025-12-02,196,9,1,779,1,12,0,549
2025-12-03,85,1,0,964,2,12,0,721
2025-12-04,78,0,0,352,3,12,0,507
2025-12-05,131,30,1,540,4,12,0,765
2025-12-06,51,29,1,285,5,12,1,803
2025-12-07,178,15,0,958,6,12,1,638
2025-12-08,96,17,0,326,0,12,0,490
2025-12-09,197,22,1,627,1,12,0,602
2025-12-10,60,25,0,767,2,12,0,824
2025-12-11,179,16,0,453,3,12,0,393
2025-12-12,168,5,0,722,4,12,0,464
2025-12-13,189,13,1,100,5,12,1,345
2025-12-14,69,22,0,652,6,12,1,764
2025-12-15,54,24,0,659,0,12,0,732
2025-12-16,86,14,1,519,1,12,0,742
2025-12-17,186,13,1,719,2,12,0,612
2025-12-18,102,23,1,260,3,12,0,610
2025-12-19,148,21,0,260,4,12,0,401
2025-12-20,135,2,1,970,5,12,1,757
2025-12-21,157,23,0,227,6,12,1,426
2025-12-22,73,22,1,821,0,12,0,883
2025-12-23,130,18,0,250,1,12,0,460
2025-12-24,169,24,1,543,2,12,0,556
2025-12-25,108,11,0,866,3,12,0,664
2025-12-26,177,1,0,570,4,12,0,402
2025-12-27,163,2,1,562,5,12,1,549
2025-12-28,164,17,1,829,6,12,1,698
2025-12-29,63,28,0,129,0,12,0,578
2025-12-30,58,0,1,572,1,12,0,689
2025-12-31,89,19,0,656,2,12,0,670
2026-01-01,74,20,1,179,3,1,0,660
2026-01-02,152,28,1,138,4,1,0,524
2026-01-03,71,5,0,339,5,1,1,562
2026-01-04,53,4,1,656,6,1,1,780
2026-01-05,78,0,1,689,0,1,0,713
2026-01-06,158,18,0,436,1,1,0,456
2026-01-07,147,0,0,960,2,1,0,639
2026-01-08,86,26,1,899,3,1,0,869
2026-01-09,124,20,0,379,4,1,0,482
2026-01-10,119,20,1,215,5,1,1,617
2026-01-11,195,15,1,368,6,1,1,508
2026-01-12,177,11,0,434,0,1,0,378
2026-01-13,134,26,0,411,1,1,0,578
2026-01-14,91,28,0,152,2,1,0,502
2026-01-15,149,21,0,167,3,1,0,334
2026-01-16,90,7,0,793,4,1,0,701
2026-01-17,83,25,0,133,5,1,1,586
2026-01-18,66,15,1,895,6,1,1,974
2026-01-19,171,27,1,917,0,1,0,739
2026-01-20,125,0,0,485,1,1,0,455
2026-01-21,136,3,1,348,2,1,0,512
2026-01-22,166,9,1,210,3,1,0,411
2026-01-23,155,10,1,193,4,1,0,466
2026-01-24,135,16,1,509,5,1,1,636
2026-01-25,76,24,0,278,6,1,1,612
2026-01-26,106,26,1,146,0,1,0,588
2026-01-27,80,22,1,893,1,1,0,937
2026-01-28,183,6,0,951,2,1,0,544
2026-01-29,147,11,0,973,3,1,0,683
2026-01-30,61,20,0,703,4,1,0,812
2026-01-31,102,6,0,475,5,1,1,535
2026-02-01,187,11,1,823,6,2,1,644
2026-02-02,194,14,0,686,0,2,0,494
2026-02-03,171,1,1,989,1,2,0,725
2026-02-04,95,13,1,301,2,2,0,623
2026-02-05,113,12,0,544,3,2,0,537
2026-02-06,179,3,0,396,4,2,0,330
2026-02-07,103,13,0,407,5,2,1,589
2026-02-08,156,13,0,822,6,2,1,596
2026-02-09,100,15,0,592,0,2,0,588
2026-02-10,85,6,0,437,1,2,0,533
2026-02-11,164,18,1,745,2,2,0,688
2026-02-12,75,1,1,941,3,2,0,799
2026-02-13,78,9,1,165,4,2,0,543
2026-02-14,198,17,1,891,5,2,1,692
2026-02-15,60,28,0,521,6,2,1,800
2026-02-16,89,16,0,639,0,2,0,675
2026-02-17,60,4,1,728,1,2,0,811
2026-02-18,162,11,1,592,2,2,0,607
2026-02-19,88,5,1,981,3,2,0,898
2026-02-20,103,21,0,416,4,2,0,619
2026-02-21,147,8,0,936,5,2,1,598
2026-02-22,104,19,0,725,6,2,1,719
2026-02-23,160,0,1,174,0,2,0,386
2026-02-24,199,21,1,813,1,2,0,692
2026-02-25,118,14,0,158,2,2,0,425
2026-02-26,105,20,0,485,3,2,0,567
2026-02-27,82,25,1,114,4,2,0,593
2026-02-28,85,5,1,330,5,2,1,605
2026-03-01,197,18,0,716,6,3,1,532
2026-03-02,130,17,1,776,0,3,0,731
2026-03-03,158,5,0,298,1,3,0,247
2026-03-04,122,12,0,453,2,3,0,472
2026-03-05,89,0,1,134,3,3,0,472
2026-03-06,66,22,1,261,4,3,0,652
2026-03-07,178,22,1,856,5,3,1,700
2026-03-08,110,25,0,898,6,3,1,866
2026-03-09,153,12,1,994,0,3,0,761
2026-03-10,91,6,1,570,1,3,0,674
2026-03-11,74,14,0,630,2,3,0,704
2026-03-12,88,11,0,891,3,3,0,780
2026-03-13,84,26,1,951,4,3,0,1020
2026-03-14,180,25,0,522,5,3,1,565
2026-03-15,157,0,0,447,6,3,1,418
2026-03-16,151,14,0,793,0,3,0,549
2026-03-17,147,3,1,246,1,3,0,399
2026-03-18,61,12,1,473,2,3,0,725
2026-03-19,68,22,0,787,3,3,0,814
2026-03-20,150,26,0,774,4,3,0,652
2026-03-21,93,24,0,515,5,3,1,636
2026-03-22,98,4,1,786,6,3,1,729
2026-03-23,66,28,0,593,0,3,0,763
2026-03-24,123,1,0,658,1,3,0,536
2026-03-25,106,22,1,355,2,3,0,644
2026-03-26,104,25,0,785,3,3,0,755
2026-03-27,96,0,1,202,4,3,0,536
2026-03-28,61,15,1,220,5,3,1,690
2026-03-29,111,22,1,518,6,3,1,707
2026-03-30,129,5,0,449,0,3,0,514
2026-03-31,132,22,0,756,1,3,0,653
2026-04-01,57,15,1,141,2,4,0,628
2026-04-02,198,13,0,466,3,4,0,344
2026-04-03,130,28,1,128,4,4,0,508
2026-04-04,167,25,0,991,5,4,1,696
2026-04-05,74,2,1,884,6,4,1,818
2026-04-06,138,14,1,113,0,4,0,358
2026-04-07,61,2,0,917,1,4,0,759
2026-04-08,192,22,0,924,2,4,0,637
2026-04-09,108,28,0,584,3,4,0,637
2026-04-10,158,1,0,288,4,4,0,390
2026-04-11,75,0,1,971,5,4,1,919
2026-04-12,96,8,1,394,6,4,1,644
2026-04-13,81,8,0,282,0,4,0,466
2026-04-14,59,22,0,963,1,4,0,838
2026-04-15,65,6,1,647,2,4,0,764
2026-04-16,194,2,0,981,3,4,0,525
2026-04-17,200,25,0,136,4,4,0,282
2026-04-18,75,30,0,113,5,4,1,616
2026-04-19,135,17,0,734,6,4,1,692
2026-04-20,184,10,1,694,0,4,0,582
2026-04-21,63,6,1,258,1,4,0,632
2026-04-22,128,8,0,593,2,4,0,520
2026-04-23,166,0,1,428,3,4,0,448
2026-04-24,56,28,0,713,4,4,0,834
2026-04-25,186,13,0,948,5,4,1,601
2026-04-26,164,19,0,182,6,4,1,398
2026-04-27,121,5,1,655,0,4,0,622
2026-04-28,108,6,1,679,1,4,0,672
2026-04-29,131,9,1,659,2,4,0,624
2026-04-30,165,6,1,668,3,4,0,556
2026-05-01,195,25,1,686,4,5,0,606
2026-05-02,152,1,0,121,5,5,1,315
2026-05-03,66,29,0,231,6,5,1,642
2026-05-04,63,3,1,564,0,5,0,681
2026-05-05,157,20,1,555,1,5,0,571
2026-05-06,94,29,1,401,2,5,0,710
2026-05-07,147,27,0,366,3,5,0,517
2026-05-08,180,16,1,898,4,5,0,726
2026-05-09,86,0,0,494,5,5,1,513
2026-05-10,157,9,0,219,6,5,1,365
2026-05-11,88,18,1,345,0,5,0,645
2026-05-12,64,30,0,667,1,5,0,784
2026-05-13,169,14,0,137,2,5,0,260
2026-05-14,53,9,1,344,3,5,0,675
2026-05-15,142,18,0,120,4,5,0,326
2026-05-16,190,11,1,209,5,5,1,386
2026-05-17,65,23,0,705,6,5,1,836
2026-05-18,157,15,1,493,0,5,0,582
2026-05-19,175,8,1,509,1,5,0,556
2026-05-20,104,14,0,747,2,5,0,682
2026-05-21,83,29,1,842,3,5,0,926
2026-05-22,62,26,0,107,4,5,0,570
2026-05-23,190,27,0,543,5,5,1,484
2026-05-24,67,16,1,427,6,5,1,689
2026-05-25,145,13,0,986,0,5,0,698
2026-05-26,172,26,1,389,1,5,0,493
2026-05-27,88,17,0,862,2,5,0,792
2026-05-28,95,25,0,610,3,5,0,707
2026-05-29,78,1,1,460,4,5,0,613
2026-05-30,111,30,0,698,5,5,1,729
2026-05-31,65,3,0,815,6,5,1,746
2026-06-01,170,17,0,318,0,6,0,345
2026-06-02,59,6,0,505,1,6,0,630
2026-06-03,152,12,0,852,2,6,0,616
2026-06-04,133,14,0,931,3,6,0,633
2026-06-05,182,24,0,869,4,6,0,579
2026-06-06,114,22,0,720,5,6,1,699
2026-06-07,52,27,1,867,6,6,1,1042
2026-06-08,191,21,0,893,0,6,0,600
2026-06-09,169,30,0,319,1,6,0,370
2026-06-10,117,25,1,694,2,6,0,760
2026-06-11,195,0,1,206,3,6,0,307
2026-06-12,86,10,1,680,4,6,0,726
2026-06-13,122,9,0,708,5,6,1,588
2026-06-14,192,24,1,823,6,6,1,673
2026-06-15,98,4,1,385,0,6,0,569
2026-06-16,170,15,0,848,1,6,0,545
2026-06-17,137,10,0,107,2,6,0,339
2026-06-18,189,20,1,905,3,6,0,658
2026-06-19,86,5,1,288,4,6,0,537
2026-06-20,110,8,0,180,5,6,1,410
2026-06-21,173,12,0,207,6,6,1,371
2026-06-22,88,23,0,420,0,6,0,623
2026-06-23,112,7,0,678,1,6,0,600
2026-06-24,95,13,0,785,2,6,0,698
2026-06-25,137,23,1,445,3,6,0,591
2026-06-26,60,0,0,962,4,6,0,746
2026-06-27,111,16,0,427,5,6,1,535
2026-06-28,126,23,0,654,6,6,1,687
2026-06-29,101,4,0,798,0,6,0,646
2026-06-30,53,24,0,401,1,6,0,624
2026-07-01,108,1,1,299,2,7,0,547
2026-07-02,121,24,0,992,3,7,0,760
2026-07-03,197,27,1,518,4,7,0,563
2026-07-04,142,29,0,138,5,7,1,473
2026-07-05,112,23,1,831,6,7,1,772
2026-07-06,103,8,1,406,0,7,0,605
2026-07-07,166,3,0,103,1,7,0,212
2026-07-08,159,16,0,732,2,7,0,477
2026-07-09,123,16,0,947,3,7,0,674
2026-07-10,156,20,0,176,4,7,0,340
2026-07-11,106,17,0,567,5,7,1,650
2026-07-12,52,15,1,278,6,7,1,702
2026-07-13,169,29,0,744,0,7,0,604
2026-07-14,55,7,0,922,1,7,0,778
2026-07-15,54,25,1,840,2,7,0,981
2026-07-16,54,10,0,375,3,7,0,603
2026-07-17,103,20,1,251,4,7,0,594
2026-07-18,96,20,0,263,5,7,1,504
2026-07-19,58,17,1,389,6,7,1,753
2026-07-20,148,22,0,477,0,7,0,583
2026-07-21,69,28,1,720,1,7,0,909
2026-07-22,171,23,1,737,2,7,0,641
2026-07-23,110,9,0,851,3,7,0,716
2026-07-24,172,12,0,409,4,7,0,351
2026-07-25,131,16,0,488,5,7,1,560
2026-07-26,111,17,1,956,6,7,1,869
2026-07-27,194,9,1,757,0,7,0,560
2026-07-28,52,15,1,863,1,7,0,918
2026-07-29,62,19,0,282,2,7,0,571
2026-07-30,169,4,0,920,3,7,0,533
2026-07-31,174,12,1,405,4,7,0,429
2026-08-01,138,17,0,171,5,8,1,365
2026-08-02,122,16,1,318,6,8,1,595
2026-08-03,117,8,0,818,0,8,0,604
2026-08-04,191,13,0,272,1,8,0,256
2026-08-05,150,16,1,752,2,8,0,757
2026-08-06,147,28,0,371,3,8,0,560
2026-08-07,60,30,0,825,4,8,0,869
2026-08-08,154,3,0,567,5,8,1,477
2026-08-09,116,17,0,368,6,8,1,497
2026-08-10,172,26,0,119,0,8,0,289
2026-08-11,78,19,1,677,1,8,0,791
2026-08-12,186,23,0,914,2,8,0,600
2026-08-13,125,23,1,602,3,8,0,719
2026-08-14,58,14,0,246,4,8,0,489
2026-08-15,89,10,0,528,5,8,1,669
2026-08-16,74,11,1,264,6,8,1,641
2026-08-17,54,8,1,989,0,8,0,872
2026-08-18,188,12,0,409,1,8,0,344
2026-08-19,173,14,0,617,2,8,0,435
2026-08-20,87,26,1,113,3,8,0,563
2026-08-21,121,14,1,231,4,8,0,480
2026-08-22,182,27,1,953,5,8,1,766
2026-08-23,139,4,1,854,6,8,1,768
2026-08-24,195,22,0,538,0,8,0,429
2026-08-25,86,18,0,842,1,8,0,767
2026-08-26,109,25,0,839,2,8,0,762
2026-08-27,77,19,0,773,3,8,0,737
2026-08-28,130,25,0,894,4,8,0,679
2026-08-29,163,24,1,362,5,8,1,512
2026-08-30,89,25,1,742,6,8,1,854
2026-08-31,94,25,1,324,0,8,0,692
2026-09-01,111,13,0,357,1,9,0,504
2026-09-02,142,27,1,333,2,9,0,582
2026-09-03,164,16,0,435,3,9,0,428
2026-09-04,116,17,0,508,4,9,0,542
2026-09-05,105,20,0,927,5,9,1,766
2026-09-06,89,2,1,123,6,9,1,479
2026-09-07,147,1,0,370,0,9,0,305
2026-09-08,89,0,0,194,1,9,0,444
2026-09-09,140,9,1,241,2,9,0,457
2026-09-10,82,18,0,793,3,9,0,720
2026-09-11,55,16,1,817,4,9,0,941
2026-09-12,196,11,0,180,5,9,1,315
2026-09-13,129,0,1,373,6,9,1,594
2026-09-14,141,11,0,375,0,9,0,406
2026-09-15,146,16,0,982,1,9,0,674
2026-09-16,108,23,1,564,2,9,0,734
2026-09-17,108,30,0,307,3,9,0,597
2026-09-18,97,2,1,395,4,9,0,566
2026-09-19,62,10,0,138,5,9,1,472
2026-09-20,156,16,1,387,6,9,1,520
2026-09-21,94,22,0,223,0,9,0,537
2026-09-22,138,25,0,975,1,9,0,748
2026-09-23,149,2,0,382,2,9,0,350
2026-09-24,56,7,1,977,3,9,0,897
2026-09-25,182,19,1,279,4,9,0,427
2026-09-26,94,3,1,196,5,9,1,563
2026-09-27,107,20,1,290,6,9,1,598
2026-09-28,80,21,1,173,0,9,0,568
2026-09-29,72,6,0,546,1,9,0,649
2026-09-30,187,13,0,884,2,9,0,535
2026-10-01,156,13,0,596,3,10,0,480
2026-10-02,88,3,0,660,4,10,0,614
2026-10-03,131,15,0,583,5,10,1,538
2026-10-04,149,23,1,948,6,10,1,840
2026-10-05,51,28,0,821,0,10,0,846
2026-10-06,126,21,1,215,1,10,0,564
2026-10-07,61,29,0,634,2,10,0,722
2026-10-08,88,0,1,197,3,10,0,508
2026-10-09,62,16,1,427,4,10,0,711
2026-10-10,95,24,1,506,5,10,1,733
2026-10-11,162,9,0,412,6,10,1,430
2026-10-12,66,21,0,801,0,10,0,780
2026-10-13,153,15,0,793,1,10,0,592
2026-10-14,147,15,0,247,2,10,0,409
2026-10-15,137,25,1,441,3,10,0,642
2026-10-16,158,7,1,594,4,10,0,516
2026-10-17,119,28,1,122,5,10,1,556
2026-10-18,123,6,1,204,6,10,1,501
2026-10-19,112,27,0,774,0,10,0,736
2026-10-20,109,5,1,678,1,10,0,658
2026-10-21,128,15,0,901,2,10,0,677
2026-10-22,86,19,1,900,3,10,0,880
2026-10-23,71,15,1,657,4,10,0,797
2026-10-24,197,6,1,692,5,10,1,499
2026-10-25,145,8,0,758,6,10,1,532
2026-10-26,117,13,0,321,0,10,0,383
2026-10-27,66,10,1,954,1,10,0,894
2026-10-28,61,25,1,114,2,10,0,599
2026-10-29,199,25,1,990,3,10,0,778
2026-10-30,194,13,0,732,4,10,0,481
2026-10-31,187,6,0,177,5,10,1,213
2026-11-01,167,0,0,421,6,11,1,393
2026-11-02,71,25,1,906,0,11,0,975
2026-11-03,169,24,0,340,1,11,0,450
2026-11-04,99,12,1,117,2,11,0,480
2026-11-05,63,19,0,867,3,11,0,832
2026-11-06,78,30,1,553,4,11,0,847
2026-11-07,174,2,1,542,5,11,1,551
2026-11-08,56,19,0,376,6,11,1,613
2026-11-09,78,3,1,523,0,11,0,657
2026-11-10,188,28,1,575,1,11,0,564
2026-11-11,82,25,1,126,2,11,0,662
2026-11-12,183,10,0,613,3,11,0,439
2026-11-13,160,1,1,964,4,11,0,692
2026-11-14,128,13,0,563,5,11,1,573
2026-11-15,107,11,0,906,6,11,1,740
2026-11-16,75,29,1,923,0,11,0,933
2026-11-17,78,16,0,462,1,11,0,590
2026-11-18,53,11,1,482,2,11,0,739
2026-11-19,148,25,0,850,3,11,0,645
2026-11-20,190,11,1,624,4,11,0,495
2026-11-21,88,0,0,481,5,11,1,535
2026-11-22,64,12,1,283,6,11,1,652
2026-11-23,168,13,1,293,0,11,0,443
2026-11-24,78,23,1,561,1,11,0,765
2026-11-25,124,29,1,155,2,11,0,533
2026-11-26,165,1,0,329,3,11,0,274
2026-11-27,81,11,0,588,4,11,0,623
2026-11-28,179,25,1,127,5,11,1,469
2026-11-29,133,20,0,931,6,11,1,751
2026-11-30,71,27,1,682,0,11,0,815
2026-12-01,76,15,1,821,1,12,0,877
2026-12-02,130,3,0,283,2,12,0,388
2026-12-03,175,7,0,524,3,12,0,421
2026-12-04,141,1,1,474,4,12,0,545
2026-12-05,70,9,0,967,5,12,1,800
2026-12-06,96,8,1,140,6,12,1,525
2026-12-07,150,22,0,583,0,12,0,597
2026-12-08,133,14,0,359,1,12,0,500
2026-12-09,55,12,0,540,2,12,0,664
2026-12-10,196,22,0,955,3,12,0,618
2026-12-11,180,16,0,183,4,12,0,314
2026-12-12,50,29,1,145,5,12,1,786
2026-12-13,107,15,0,539,6,12,1,617
2026-12-14,173,27,0,770,0,12,0,561
2026-12-15,64,1,1,955,1,12,0,845
2026-12-16,113,19,1,618,2,12,0,810
2026-12-17,74,19,1,944,3,12,0,887
2026-12-18,73,26,0,537,4,12,0,700
2026-12-19,61,13,0,235,5,12,1,636
2026-12-20,67,2,1,282,6,12,1,595
2026-12-21,64,22,1,808,0,12,0,823
2026-12-22,76,11,1,271,1,12,0,535
2026-12-23,121,7,1,960,2,12,0,753
2026-12-24,109,1,0,887,3,12,0,589
2026-12-25,194,3,0,689,4,12,0,434
2026-12-26,142,13,0,789,5,12,1,635
2026-12-27,102,15,0,638,6,12,1,592
2026-12-28,57,18,0,219,0,12,0,516
2026-12-29,128,1,1,380,1,12,0,538
2026-12-30,76,11,0,407,2,12,0,572
2026-12-31,99,28,1,807,3,12,0,908
2027-01-01,180,13,1,376,4,1,0,494
2027-01-02,142,5,1,629,5,1,1,593
2027-01-03,73,12,0,394,6,1,1,633
2027-01-04,109,3,1,882,0,1,0,772
2027-01-05,171,21,0,152,1,1,0,270
2027-01-06,180,17,1,905,2,1,0,651
2027-01-07,197,11,0,531,3,1,0,452
2027-01-08,95,19,1,151,4,1,0,543
2027-01-09,64,26,0,827,5,1,1,880
2027-01-10,66,21,1,171,6,1,1,671
2027-01-11,175,29,1,127,0,1,0,456
2027-01-12,133,20,1,568,1,1,0,662
2027-01-13,58,18,1,863,2,1,0,953
2027-01-14,112,7,0,985,3,1,0,738
2027-01-15,166,6,0,646,4,1,0,465
2027-01-16,179,15,0,500,5,1,1,425
2027-01-17,137,18,1,300,6,1,1,554
2027-01-18,121,5,1,860,0,1,0,685
2027-01-19,188,19,1,710,1,1,0,598
2027-01-20,113,26,1,919,2,1,0,824
2027-01-21,121,20,1,565,3,1,0,696
2027-01-22,70,10,1,751,4,1,0,824
2027-01-23,67,4,0,694,5,1,1,729
2027-01-24,113,15,0,659,6,1,1,611
2027-01-25,131,6,0,889,0,1,0,594
2027-01-26,159,26,0,478,1,1,0,554
2027-01-27,144,4,0,859,2,1,0,540
2027-01-28,81,10,0,994,3,1,0,852
2027-01-29,60,14,0,276,4,1,0,538
2027-01-30,94,2,0,151,5,1,1,390
2027-01-31,82,25,1,178,6,1,1,692
2027-02-01,151,4,1,484,0,2,0,537
2027-02-02,185,22,1,933,1,2,0,771
2027-02-03,60,20,1,675,2,2,0,802
2027-02-04,137,4,1,107,3,2,0,413
2027-02-05,90,8,1,313,4,2,0,592
2027-02-06,194,14,1,124,5,2,1,338
2027-02-07,125,2,0,549,6,2,1,575
2027-02-08,170,28,0,867,0,2,0,663
2027-02-09,95,5,1,854,1,2,0,783
2027-02-10,129,16,0,556,2,2,0,567
2027-02-11,103,25,0,560,3,2,0,600
2027-02-12,135,20,0,297,4,2,0,420
2027-02-13,141,7,0,193,5,2,1,359
2027-02-14,197,20,0,818,6,2,1,581
2027-02-15,146,24,1,536,0,2,0,689
2027-02-16,51,10,0,626,1,2,0,681
2027-02-17,82,5,1,789,2,2,0,752
2027-02-18,126,7,1,477,3,2,0,598
2027-02-19,165,9,1,686,4,2,0,594
2027-02-20,199,23,0,203,5,2,1,279
2027-02-21,152,28,1,905,6,2,1,809
2027-02-22,152,2,1,779,0,2,0,621
2027-02-23,139,22,1,726,1,2,0,726
2027-02-24,171,13,1,138,2,2,0,390
2027-02-25,192,22,0,557,3,2,0,418
2027-02-26,155,13,1,463,4,2,0,545
2027-02-27,168,9,1,884,5,2,1,730
2027-02-28,98,11,1,234,6,2,1,505
2027-03-01,153,5,1,473,0,3,0,510
2027-03-02,110,11,0,331,1,3,0,428
2027-03-03,172,22,1,138,2,3,0,430
2027-03-04,183,13,1,902,3,3,0,625
2027-03-05,58,1,1,918,4,3,0,870
2027-03-06,55,8,1,146,5,3,1,677
2027-03-07,122,9,1,135,6,3,1,466
2027-03-08,152,25,1,931,0,3,0,778
2027-03-09,90,16,0,194,1,3,0,474
2027-03-10,163,16,1,460,2,3,0,558
2027-03-11,57,2,0,624,3,3,0,625
2027-03-12,121,29,0,245,4,3,0,500
2027-03-13,141,30,1,467,5,3,1,675
2027-03-14,111,18,0,164,6,3,1,460
2027-03-15,133,0,1,327,0,3,0,485
2027-03-16,111,11,0,853,1,3,0,701
2027-03-17,160,6,1,619,2,3,0,523
2027-03-18,176,3,0,915,3,3,0,549
2027-03-19,56,9,0,952,4,3,0,918
2027-03-20,133,12,1,654,5,3,1,742
2027-03-21,181,1,0,855,6,3,1,506
2027-03-22,183,9,0,280,0,3,0,305
2027-03-23,107,20,0,600,1,3,0,635
2027-03-24,71,21,0,696,2,3,0,765
2027-03-25,176,24,0,254,3,3,0,367
2027-03-26,52,3,1,886,4,3,0,867
2027-03-27,176,17,0,634,5,3,1,505
2027-03-28,90,4,0,726,6,3,1,703
2027-03-29,155,18,1,917,0,3,0,766
2027-03-30,63,1,1,534,1,3,0,712
2027-03-31,61,11,1,910,2,3,0,944
2027-04-01,136,16,0,198,3,4,0,433
2027-04-02,61,9,0,715,4,4,0,749
2027-04-03,190,1,0,471,5,4,1,388
2027-04-04,74,5,0,662,6,4,1,727
2027-04-05,94,7,1,461,0,4,0,611
2027-04-06,171,28,1,211,1,4,0,482
2027-04-07,196,18,0,552,2,4,0,449
2027-04-08,104,10,0,855,3,4,0,666
2027-04-09,149,30,0,268,4,4,0,457
2027-04-10,185,24,0,683,5,4,1,568
2027-04-11,168,30,1,238,6,4,1,541
2027-04-12,102,11,1,947,0,4,0,840
2027-04-13,81,8,0,330,1,4,0,484
2027-04-14,100,1,1,338,2,4,0,548
2027-04-15,93,7,0,352,3,4,0,502
2027-04-16,131,25,0,535,4,4,0,634
2027-04-17,195,10,1,660,5,4,1,555
2027-04-18,199,27,0,521,6,4,1,465
2027-04-19,86,20,1,402,0,4,0,719
2027-04-20,145,3,0,171,1,4,0,207
2027-04-21,105,9,1,362,2,4,0,579
2027-04-22,154,20,0,933,3,4,0,658
2027-04-23,108,19,1,321,4,4,0,624
2027-04-24,180,15,0,176,5,4,1,361
2027-04-25,84,7,0,161,6,4,1,517
2027-04-26,142,3,1,570,0,4,0,575
2027-04-27,146,28,0,256,1,4,0,413
2027-04-28,184,9,1,905,2,4,0,632
2027-04-29,125,11,1,224,3,4,0,491
2027-04-30,98,28,0,840,4,4,0,800
2027-05-01,143,13,0,951,5,5,1,696
2027-05-02,73,15,0,260,6,5,1,547
2027-05-03,197,21,0,640,0,5,0,434
2027-05-04,86,17,1,725,1,5,0,782
2027-05-05,53,20,0,690,2,5,0,748
2027-05-06,157,21,0,634,3,5,0,598
2027-05-07,175,20,0,205,4,5,0,314
2027-05-08,69,11,1,230,5,5,1,646
2027-05-09,99,17,0,456,6,5,1,633
2027-05-10,145,29,1,784,0,5,0,779
2027-05-11,154,6,0,875,1,5,0,544
2027-05-12,166,19,1,953,2,5,0,779
2027-05-13,147,23,0,984,3,5,0,730
2027-05-14,115,22,0,896,4,5,0,678
2027-05-15,128,6,1,101,5,5,1,487
2027-05-16,55,8,0,332,6,5,1,624
2027-05-17,88,0,0,468,0,5,0,526
2027-05-18,164,25,0,350,1,5,0,491
2027-05-19,174,5,1,932,2,5,0,680
2027-05-20,61,5,0,207,3,5,0,525
2027-05-21,180,21,1,375,4,5,0,531
2027-05-22,67,28,1,279,5,5,1,775
2027-05-23,89,11,1,824,6,5,1,788
2027-05-24,70,21,0,392,0,5,0,577
2027-05-25,192,11,1,683,1,5,0,575
2027-05-26,148,9,1,894,2,5,0,749
2027-05-27,75,22,0,274,3,5,0,553
2027-05-28,57,29,1,222,4,5,0,691
2027-05-29,149,25,1,326,5,5,1,600
2027-05-30,136,5,0,543,6,5,1,462
2027-05-31,91,16,0,912,0,5,0,763
2027-06-01,63,18,1,527,1,6,0,764
2027-06-02,127,17,0,182,2,6,0,397
2027-06-03,51,5,0,864,3,6,0,825
2027-06-04,168,23,0,757,4,6,0,563
2027-06-05,86,18,1,731,5,6,1,842
2027-06-06,118,9,1,164,6,6,1,465
2027-06-07,90,23,0,380,0,6,0,615
2027-06-08,111,7,1,894,1,6,0,765
2027-06-09,109,20,0,490,2,6,0,613
2027-06-10,174,23,0,527,3,6,0,404
2027-06-11,160,5,0,717,4,6,0,490
2027-06-12,63,20,0,911,5,6,1,872
2027-06-13,133,24,0,206,6,6,1,494
2027-06-14,179,29,1,647,0,6,0,627
2027-06-15,119,6,1,758,1,6,0,719
2027-06-16,194,23,1,361,2,6,0,456
2027-06-17,172,0,1,258,3,6,0,362
2027-06-18,138,26,0,364,4,6,0,527
2027-06-19,77,17,0,567,5,6,1,660
2027-06-20,115,23,1,301,6,6,1,658
2027-06-21,54,27,1,254,0,6,0,739
2027-06-22,94,24,0,112,1,6,0,467
2027-06-23,200,19,0,396,2,6,0,333
2027-06-24,96,11,0,995,3,6,0,698
2027-06-25,80,15,1,933,4,6,0,886
2027-06-26,188,9,0,597,5,6,1,428
2027-06-27,59,26,0,696,6,6,1,840
2027-06-28,167,9,1,891,0,6,0,684
2027-06-29,63,13,1,344,1,6,0,709
2027-06-30,129,24,1,399,2,6,0,655
2027-07-01,142,19,0,461,3,7,0,585
2027-07-02,59,9,0,453,4,7,0,619
2027-07-03,125,9,1,927,5,7,1,765
2027-07-04,143,25,0,620,6,7,1,637
2027-07-05,154,24,0,485,0,7,0,549
2027-07-06,50,10,0,858,1,7,0,802
2027-07-07,182,22,1,411,2,7,0,442
2027-07-08,69,1,1,513,3,7,0,684
2027-07-09,57,24,0,377,4,7,0,633
2027-07-10,50,19,0,849,5,7,1,820
2027-07-11,106,7,0,814,6,7,1,679
2027-07-12,113,29,0,858,0,7,0,711
2027-07-13,167,22,1,846,1,7,0,740
2027-07-14,77,28,1,692,2,7,0,880
2027-07-15,170,30,0,455,3,7,0,484
2027-07-16,156,6,0,624,4,7,0,446
2027-07-17,98,7,1,938,5,7,1,834
2027-07-18,169,0,0,115,6,7,1,203
2027-07-19,93,20,1,144,0,7,0,564
2027-07-20,105,1,0,420,1,7,0,373
2027-07-21,160,17,1,750,2,7,0,663
2027-07-22,183,14,0,425,3,7,0,372
2027-07-23,157,0,0,247,4,7,0,305
2027-07-24,197,4,1,454,5,7,1,442
2027-07-25,163,1,1,335,6,7,1,467
2027-07-26,127,19,0,802,0,7,0,673
2027-07-27,179,2,0,712,1,7,0,463
2027-07-28,86,18,1,204,2,7,0,673
2027-07-29,69,17,1,573,3,7,0,784
2027-07-30,75,28,0,861,4,7,0,835
2027-07-31,78,21,0,495,5,7,1,708
2027-08-01,50,17,1,545,6,8,1,810
2027-08-02,168,13,1,705,0,8,0,599
2027-08-03,84,29,1,319,1,8,0,709
2027-08-04,108,23,1,909,2,8,0,856
2027-08-05,118,7,1,950,3,8,0,772
2027-08-06,61,28,0,541,4,8,0,753
2027-08-07,69,29,0,744,5,8,1,775
2027-08-08,92,11,1,972,6,8,1,942
2027-08-09,175,20,0,766,0,8,0,562
2027-08-10,99,9,0,127,1,8,0,377
2027-08-11,78,22,1,893,2,8,0,951
2027-08-12,88,19,0,574,3,8,0,643
2027-08-13,200,16,0,727,4,8,0,466
2027-08-14,87,10,0,404,5,8,1,552
2027-08-15,133,1,1,845,6,8,1,742
2027-08-16,200,25,1,504,0,8,0,518
2027-08-17,177,25,0,612,1,8,0,490
2027-08-18,175,3,0,601,2,8,0,427
2027-08-19,94,0,0,447,3,8,0,518
2027-08-20,101,14,0,339,4,8,0,543
2027-08-21,129,12,0,669,5,8,1,610
2027-08-22,173,7,0,946,6,8,1,623
2027-08-23,168,24,1,794,0,8,0,685
2027-08-24,57,3,0,436,1,8,0,598
2027-08-25,134,9,0,125,2,8,0,341
2027-08-26,178,18,1,508,3,8,0,544
2027-08-27,57,17,0,176,4,8,0,486
2027-08-28,145,4,0,316,5,8,1,366
2027-08-29,151,29,0,427,6,8,1,534
2027-08-30,54,18,0,936,0,8,0,864
2027-08-31,135,25,1,873,1,8,0,868
2027-09-01,83,22,0,122,2,9,0,509
2027-09-02,104,26,1,855,3,9,0,830
2027-09-03,168,21,0,769,4,9,0,552
2027-09-04,163,15,0,817,5,9,1,637
2027-09-05,194,0,1,409,6,9,1,380
2027-09-06,75,11,0,698,0,9,0,705
2027-09-07,185,23,1,366,1,9,0,485
2027-09-08,96,1,1,514,2,9,0,604
2027-09-09,162,20,1,745,3,9,0,649
2027-09-10,125,24,0,366,4,9,0,415
2027-09-11,121,7,0,432,5,9,1,502
2027-09-12,138,17,0,879,6,9,1,649
2027-09-13,95,24,0,549,0,9,0,597
2027-09-14,82,15,1,664,1,9,0,774
2027-09-15,50,4,0,710,2,9,0,725
2027-09-16,196,25,0,346,3,9,0,310
2027-09-17,80,29,1,135,4,9,0,659
2027-09-18,191,21,1,500,5,9,1,516
2027-09-19,102,12,0,127,6,9,1,446
2027-09-20,97,18,1,319,0,9,0,631
2027-09-21,118,28,1,505,1,9,0,690
2027-09-22,154,2,1,713,2,9,0,578
2027-09-23,139,25,1,874,3,9,0,775
2027-09-24,112,7,1,370,4,9,0,557
2027-09-25,122,26,0,835,5,9,1,748
2027-09-26,138,25,0,750,6,9,1,641
2027-09-27,62,25,0,891,0,9,0,807
2027-09-28,122,30,0,610,1,9,0,670
2027-09-29,126,11,0,385,2,9,0,453
2027-09-30,117,1,0,553,3,9,0,508
2027-10-01,147,10,0,861,4,10,0,572
2027-10-02,174,11,1,933,5,10,1,677
2027-10-03,151,27,0,416,6,10,1,490
2027-10-04,181,17,0,689,0,10,0,485
2027-10-05,151,12,0,396,1,10,0,415
2027-10-06,68,4,1,437,2,10,0,634
2027-10-07,131,21,0,406,3,10,0,544
2027-10-08,190,11,0,527,4,10,0,358
2027-10-09,72,1,1,450,5,10,1,670
2027-10-10,132,30,0,610,6,10,1,625
2027-10-11,158,4,0,624,0,10,0,425
2027-10-12,124,6,1,957,1,10,0,754
2027-10-13,178,25,0,591,2,10,0,472
2027-10-14,137,25,1,693,3,10,0,722
2027-10-15,103,23,0,108,4,10,0,457
2027-10-16,138,11,0,596,5,10,1,572
2027-10-17,192,15,0,824,6,10,1,510
2027-10-18,114,22,1,659,0,10,0,742
2027-10-19,125,7,1,660,1,10,0,638
2027-10-20,192,29,1,920,2,10,0,665
2027-10-21,198,27,0,539,3,10,0,412
2027-10-22,196,8,0,651,4,10,0,414
2027-10-23,109,14,1,974,5,10,1,822
2027-10-24,142,4,1,891,6,10,1,712
2027-10-25,98,12,0,837,0,10,0,626
2027-10-26,84,4,0,207,1,10,0,423
2027-10-27,151,10,0,344,2,10,0,315
2027-10-28,60,9,0,354,3,10,0,540
2027-10-29,148,19,1,132,4,10,0,430
2027-10-30,159,12,0,122,5,10,1,316
2027-10-31,123,8,0,944,6,10,1,685
2027-11-01,58,20,0,665,0,11,0,708
2027-11-02,52,13,0,920,1,11,0,787
2027-11-03,134,17,0,148,2,11,0,323
2027-11-04,75,14,0,561,3,11,0,646
2027-11-05,121,9,0,689,4,11,0,578
2027-11-06,97,23,1,435,5,11,1,740
2027-11-07,166,30,1,457,6,11,1,611
2027-11-08,61,6,1,221,0,11,0,539
2027-11-09,182,7,0,543,1,11,0,374
2027-11-10,97,27,1,458,2,11,0,720
2027-11-11,86,2,0,701,3,11,0,578
2027-11-12,93,30,0,445,4,11,0,605
2027-11-13,64,14,0,292,5,11,1,597
2027-11-14,92,15,0,515,6,11,1,625
2027-11-15,136,3,1,476,0,11,0,562
2027-11-16,119,20,0,562,1,11,0,633
2027-11-17,95,5,0,855,2,11,0,627
2027-11-18,157,0,1,760,3,11,0,572
2027-11-19,172,3,1,245,4,11,0,368
2027-11-20,70,10,1,577,5,11,1,777
2027-11-21,200,11,0,927,6,11,1,581
2027-11-22,156,25,1,989,0,11,0,825
2027-11-23,129,28,0,752,1,11,0,712
2027-11-24,96,4,0,507,2,11,0,528
2027-11-25,166,22,1,385,3,11,0,508
2027-11-26,173,28,1,997,4,11,0,846
2027-11-27,192,20,1,950,5,11,1,726
2027-11-28,74,15,0,210,6,11,1,529
2027-11-29,85,12,0,719,0,11,0,640
2027-11-30,100,12,0,978,1,11,0,751
2027-12-01,64,16,0,892,2,12,0,839
2027-12-02,117,26,0,149,3,12,0,441
2027-12-03,70,6,0,113,4,12,0,431
2027-12-04,190,7,1,233,5,12,1,386
2027-12-05,68,12,0,687,6,12,1,743
2027-12-06,83,22,1,695,0,12,0,814
2027-12-07,127,26,1,442,1,12,0,641
2027-12-08,174,15,1,769,2,12,0,619
2027-12-09,166,29,1,385,3,12,0,534
2027-12-10,101,28,1,413,4,12,0,680
2027-12-11,76,30,0,705,5,12,1,786
2027-12-12,84,3,0,396,6,12,1,489
2027-12-13,185,7,0,705,0,12,0,477
2027-12-14,193,15,0,668,1,12,0,467
2027-12-15,155,30,1,263,2,12,0,549
2027-12-16,195,20,1,931,3,12,0,722
2027-12-17,51,9,1,596,4,12,0,803
2027-12-18,126,24,0,709,5,12,1,658
2027-12-19,181,11,0,115,6,12,1,304
2027-12-20,139,11,0,443,0,12,0,483
2027-12-21,138,25,0,177,1,12,0,386
2027-12-22,143,4,1,445,2,12,0,539
2027-12-23,56,15,1,171,3,12,0,617
2027-12-24,144,0,0,369,4,12,0,390
2027-12-25,157,27,0,386,5,12,1,495
2027-12-26,123,8,1,165,6,12,1,474
2027-12-27,88,11,1,979,0,12,0,858
2027-12-28,190,4,1,167,1,12,0,278
2027-12-29,120,21,1,292,2,12,0,537
2027-12-30,105,19,0,154,3,12,0,372
2027-12-31,91,21,1,478,4,12,0,683
2028-01-01,85,27,1,267,5,1,1,786
2028-01-02,133,23,1,508,6,1,1,702
2028-01-03,167,2,1,607,0,1,0,580
2028-01-04,56,4,0,636,1,1,0,658
2028-01-05,103,1,0,742,2,1,0,587
2028-01-06,178,13,0,936,3,1,0,640
2028-01-07,169,1,0,201,4,1,0,264
2028-01-08,155,12,0,985,5,1,1,650
2028-01-09,96,6,0,893,6,1,1,749
2028-01-10,172,9,1,907,0,1,0,706
2028-01-11,190,12,1,905,1,1,0,604
2028-01-12,168,15,1,521,2,1,0,566
2028-01-13,199,25,1,874,3,1,0,641
2028-01-14,167,13,0,577,4,1,0,503
2028-01-15,70,10,1,219,5,1,1,640
2028-01-16,186,9,0,842,6,1,1,564
2028-01-17,75,5,1,390,0,1,0,629
2028-01-18,58,3,1,587,1,1,0,685
2028-01-19,64,20,1,260,2,1,0,668
2028-01-20,59,0,0,772,3,1,0,724
2028-01-21,171,6,1,177,4,1,0,424
2028-01-22,170,23,0,137,5,1,1,373
2028-01-23,174,8,0,493,6,1,1,404
2028-01-24,121,7,1,540,0,1,0,630
2028-01-25,98,4,0,639,1,1,0,610
2028-01-26,140,18,0,561,2,1,0,543
2028-01-27,86,9,1,711,3,1,0,765
2028-01-28,117,10,1,393,4,1,0,585
2028-01-29,99,24,1,499,5,1,1,758
2028-01-30,68,14,1,735,6,1,1,872
2028-01-31,149,5,1,191,0,1,0,463
2028-02-01,109,14,1,866,1,2,0,746
2028-02-02,138,4,0,708,2,2,0,529
2028-02-03,195,28,1,105,3,2,0,373
2028-02-04,196,18,1,780,4,2,0,654
2028-02-05,118,21,0,994,5,2,1,801
2028-02-06,98,18,1,370,6,2,1,697
2028-02-07,157,9,0,719,0,2,0,570
2028-02-08,168,11,1,998,1,2,0,694
2028-02-09,198,21,1,910,2,2,0,666
2028-02-10,199,3,0,658,3,2,0,429
2028-02-11,86,30,1,198,4,2,0,632
2028-02-12,192,17,0,625,5,2,1,475
2028-02-13,60,15,1,293,6,2,1,663
2028-02-14,187,7,1,256,0,2,0,413
2028-02-15,127,3,0,999,1,2,0,652
2028-02-16,126,24,1,765,2,2,0,793
2028-02-17,51,22,1,214,3,2,0,723
2028-02-18,113,11,0,495,4,2,0,512
2028-02-19,84,1,1,869,5,2,1,766
2028-02-20,56,3,0,756,6,2,1,737
2028-02-21,134,4,1,902,0,2,0,714
2028-02-22,195,2,0,621,1,2,0,375
2028-02-23,116,8,1,979,2,2,0,807
2028-02-24,91,28,0,313,3,2,0,577
2028-02-25,167,20,0,844,4,2,0,596
2028-02-26,174,17,1,782,5,2,1,697
2028-02-27,73,10,1,632,6,2,1,771
2028-02-28,95,2,0,114,0,2,0,371
2028-02-29,68,29,1,518,1,2,0,808
2028-03-01,117,30,0,467,2,3,0,622
2028-03-02,151,24,1,737,3,3,0,756
2028-03-03,91,22,1,952,4,3,0,953
2028-03-04,81,1,0,952,5,3,1,802
2028-03-05,158,8,0,312,6,3,1,379
2028-03-06,85,13,1,799,0,3,0,817
2028-03-07,146,3,1,783,1,3,0,608
2028-03-08,180,28,1,858,2,3,0,723
2028-03-09,122,8,1,104,3,3,0,438
2028-03-10,185,30,1,330,4,3,0,503
2028-03-11,146,12,0,300,5,3,1,409
2028-03-12,172,17,1,984,6,3,1,724
2028-03-13,119,14,1,501,0,3,0,602
2028-03-14,62,27,0,248,1,3,0,622
2028-03-15,98,9,0,683,2,3,0,635
2028-03-16,109,15,0,591,3,3,0,618
2028-03-17,179,11,1,325,4,3,0,429
2028-03-18,54,19,0,685,5,3,1,801
2028-03-19,76,4,0,918,6,3,1,813
2028-03-20,198,1,0,268,0,3,0,225
2028-03-21,57,9,0,860,1,3,0,766
2028-03-22,99,0,1,891,2,3,0,733
2028-03-23,116,6,1,251,3,3,0,532
2028-03-24,93,25,1,323,4,3,0,627
2028-03-25,174,16,0,603,5,3,1,488
2028-03-26,107,15,0,836,6,3,1,748
2028-03-27,52,26,0,649,0,3,0,738
2028-03-28,135,26,0,143,1,3,0,409
2028-03-29,119,23,0,796,2,3,0,709
2028-03-30,179,2,0,603,3,3,0,392
2028-03-31,51,13,1,340,4,3,0,680
2028-04-01,151,9,1,942,5,4,1,741
2028-04-02,84,21,0,450,6,4,1,680
2028-04-03,147,6,1,821,0,4,0,728
2028-04-04,79,25,0,122,1,4,0,529
2028-04-05,165,16,0,735,2,4,0,493
2028-04-06,57,29,1,697,3,4,0,936
2028-04-07,199,5,0,142,4,4,0,181
2028-04-08,93,22,1,565,5,4,1,756
2028-04-09,85,21,0,139,6,4,1,505
2028-04-10,126,3,0,402,0,4,0,410
2028-04-11,80,16,1,780,1,4,0,798
2028-04-12,96,26,0,274,2,4,0,554
2028-04-13,104,8,0,631,3,4,0,648
2028-04-14,155,3,0,560,4,4,0,405
2028-04-15,170,6,1,720,5,4,1,671
2028-04-16,104,22,0,292,6,4,1,564
2028-04-17,193,1,0,343,0,4,0,262
2028-04-18,61,16,0,935,1,4,0,831
2028-04-19,194,23,1,379,2,4,0,463
2028-04-20,193,7,1,839,3,4,0,602
2028-04-21,189,22,1,135,4,4,0,410
2028-04-22,185,29,1,656,5,4,1,603
2028-04-23,52,30,1,997,6,4,1,1160
2028-04-24,193,14,0,639,0,4,0,394
2028-04-25,79,30,1,253,1,4,0,686
2028-04-26,72,14,1,122,2,4,0,507
2028-04-27,141,7,0,818,3,4,0,581
2028-04-28,164,15,1,190,4,4,0,418
2028-04-29,153,18,0,489,5,4,1,503
2028-04-30,167,10,1,458,6,4,1,547
2028-05-01,54,1,0,649,0,5,0,654
2028-05-02,153,22,0,327,1,5,0,456
2028-05-03,157,23,1,301,2,5,0,489
2028-05-04,114,16,1,449,3,5,0,639
2028-05-05,170,27,0,920,4,5,0,649
2028-05-06,79,25,0,865,5,5,1,837
2028-05-07,198,15,0,137,6,5,1,277
2028-05-08,133,24,0,832,0,5,0,677
2028-05-09,199,14,0,599,1,5,0,413
2028-05-10,81,12,0,798,2,5,0,688
2028-05-11,65,14,0,142,3,5,0,535
2028-05-12,87,26,1,970,4,5,0,971
2028-05-13,191,3,0,725,5,5,1,461
2028-05-14,85,15,1,871,6,5,1,881
2028-05-15,200,29,1,616,0,5,0,593
2028-05-16,163,11,0,167,1,5,0,333
2028-05-17,115,29,0,839,2,5,0,775
2028-05-18,154,3,1,222,3,5,0,434
2028-05-19,134,2,0,784,4,5,0,550
2028-05-20,51,21,0,435,5,5,1,727
2028-05-21,124,16,1,252,6,5,1,603
2028-05-22,116,21,1,878,0,5,0,801
2028-05-23,200,17,1,768,1,5,0,568
2028-05-24,104,24,0,261,2,5,0,530
2028-05-25,55,17,0,313,3,5,0,568
2028-05-26,199,22,1,475,4,5,0,453
2028-05-27,192,27,0,542,5,5,1,538
2028-05-28,135,16,1,522,6,5,1,694
2028-05-29,109,11,0,637,0,5,0,561
2028-05-30,150,22,1,903,1,5,0,733
2028-05-31,61,20,0,800,2,5,0,783
2028-06-01,98,23,1,733,3,6,0,850
2028-06-02,91,3,0,329,4,6,0,452
2028-06-03,131,30,0,158,5,6,1,484
2028-06-04,84,11,1,195,6,6,1,605
2028-06-05,183,30,0,361,0,6,0,434
2028-06-06,116,25,0,453,1,6,0,619
2028-06-07,129,22,1,411,2,6,0,595
2028-06-08,56,21,0,235,3,6,0,584
2028-06-09,63,20,0,961,4,6,0,865
2028-06-10,122,19,0,894,5,6,1,737
2028-06-11,192,14,1,572,6,6,1,508
2028-06-12,198,22,1,731,0,6,0,562
2028-06-13,115,27,1,529,1,6,0,672
2028-06-14,140,15,1,636,2,6,0,671
2028-06-15,179,4,1,953,3,6,0,619
2028-06-16,69,20,0,245,4,6,0,574
2028-06-17,59,14,0,623,5,6,1,734
2028-06-18,74,16,1,186,6,6,1,607
2028-06-19,74,17,0,208,0,6,0,492
2028-06-20,103,4,0,522,1,6,0,527
2028-06-21,82,12,0,444,2,6,0,576
2028-06-22,144,18,0,365,3,6,0,463
2028-06-23,63,29,1,833,4,6,0,938
2028-06-24,114,12,1,685,5,6,1,711
2028-06-25,159,17,0,593,6,6,1,537
2028-06-26,129,13,0,432,0,6,0,522
2028-06-27,103,29,1,921,1,6,0,851
2028-06-28,174,3,0,512,2,6,0,348
2028-06-29,180,3,0,713,3,6,0,458
2028-06-30,183,19,0,748,4,6,0,535
2028-07-01,74,19,1,290,5,7,1,706
2028-07-02,190,18,1,241,6,7,1,419
2028-07-03,166,12,0,968,0,7,0,562
2028-07-04,185,11,0,172,1,7,0,299
2028-07-05,198,6,0,939,2,7,0,537
2028-07-06,74,24,0,266,3,7,0,573
2028-07-07,128,11,0,267,4,7,0,376
2028-07-08,117,20,0,665,5,7,1,642
2028-07-09,61,3,1,358,6,7,1,668
2028-07-10,81,26,1,538,0,7,0,771
2028-07-11,177,1,0,210,1,7,0,230
2028-07-12,145,1,1,843,2,7,0,696
2028-07-13,141,4,0,772,3,7,0,570
2028-07-14,190,22,0,963,4,7,0,575
2028-07-15,80,9,1,938,5,7,1,888
2028-07-16,127,9,1,630,6,7,1,652
2028-07-17,69,8,0,389,0,7,0,562
2028-07-18,195,12,0,661,1,7,0,428
2028-07-19,109,6,1,609,2,7,0,740
2028-07-20,183,4,1,274,3,7,0,371
2028-07-21,142,25,0,401,4,7,0,492
2028-07-22,92,9,0,795,5,7,1,759
2028-07-23,179,9,0,284,6,7,1,332
2028-07-24,109,5,1,438,0,7,0,532
2028-07-25,200,26,0,609,1,7,0,465
2028-07-26,80,27,1,918,2,7,0,956
2028-07-27,54,18,0,409,3,7,0,655
2028-07-28,59,20,1,606,4,7,0,850
2028-07-29,138,7,1,445,5,7,1,567
2028-07-30,179,0,1,180,6,7,1,341
2028-07-31,175,27,1,473,0,7,0,527
2028-08-01,60,16,0,255,1,8,0,599
2028-08-02,105,6,1,886,2,8,0,757
2028-08-03,132,13,1,894,3,8,0,721
2028-08-04,186,20,1,531,4,8,0,611
2028-08-05,148,29,0,599,5,8,1,660
2028-08-06,198,20,0,860,6,8,1,556
2028-08-07,122,16,0,246,0,8,0,369
2028-08-08,164,8,0,580,1,8,0,414
2028-08-09,56,16,0,534,2,8,0,720
2028-08-10,129,4,0,618,3,8,0,506
2028-08-11,193,25,1,768,4,8,0,597
2028-08-12,146,24,1,782,5,8,1,786
2028-08-13,53,29,1,168,6,8,1,721
2028-08-14,53,30,0,705,0,8,0,798
2028-08-15,152,19,1,980,1,8,0,757
2028-08-16,89,28,1,974,2,8,0,982
2028-08-17,66,7,0,987,3,8,0,806
2028-08-18,150,5,1,285,4,8,0,386
2028-08-19,152,10,0,781,5,8,1,591
2028-08-20,173,30,1,303,6,8,1,550
2028-08-21,101,18,0,653,0,8,0,628
2028-08-22,101,3,0,112,1,8,0,338
2028-08-23,173,17,0,765,2,8,0,510
2028-08-24,112,0,1,373,3,8,0,497
2028-08-25,165,12,1,397,4,8,0,489
2028-08-26,111,13,0,150,5,8,1,416
2028-08-27,56,23,0,599,6,8,1,780
2028-08-28,141,0,1,468,0,8,0,473
2028-08-29,63,29,1,823,1,8,0,961
2028-08-30,135,28,0,755,2,8,0,703
2028-08-31,182,10,1,456,3,8,0,460
2028-09-01,179,16,1,102,4,9,0,368
2028-09-02,111,3,1,353,5,9,1,571
2028-09-03,198,25,0,574,6,9,1,464
2028-09-04,128,11,0,946,0,9,0,684
2028-09-05,198,9,1,605,1,9,0,413
2028-09-06,187,30,0,355,2,9,0,328
2028-09-07,107,5,1,709,3,9,0,675
2028-09-08,169,24,1,784,4,9,0,705
2028-09-09,182,0,0,249,5,9,1,253
2028-09-10,114,6,0,587,6,9,1,579
2028-09-11,62,25,0,378,0,9,0,606
2028-09-12,131,26,1,158,1,9,0,548
2028-09-13,188,20,1,545,2,9,0,581
2028-09-14,198,27,0,212,3,9,0,293
2028-09-15,101,30,0,935,4,9,0,835
2028-09-16,166,15,0,854,5,9,1,605
2028-09-17,75,23,1,921,6,9,1,967
2028-09-18,83,13,1,668,0,9,0,805
2028-09-19,101,22,1,588,1,9,0,743
2028-09-20,161,19,0,506,2,9,0,488
2028-09-21,131,19,0,466,3,9,0,472
2028-09-22,91,5,1,159,4,9,0,519
2028-09-23,70,21,0,428,5,9,1,705
2028-09-24,91,24,0,827,6,9,1,761
2028-09-25,190,27,0,568,0,9,0,463
2028-09-26,162,4,0,844,1,9,0,544
2028-09-27,154,23,1,666,2,9,0,677
2028-09-28,66,20,0,984,3,9,0,811
2028-09-29,169,17,1,819,4,9,0,670
2028-09-30,186,14,1,162,5,9,1,373
2028-10-01,178,5,0,283,6,10,1,274
2028-10-02,179,24,1,410,0,10,0,558
2028-10-03,109,28,1,892,1,10,0,870
2028-10-04,97,18,0,637,2,10,0,672
2028-10-05,78,0,1,276,3,10,0,511
2028-10-06,146,0,1,674,4,10,0,587
2028-10-07,59,12,1,528,5,10,1,806
2028-10-08,107,2,1,172,6,10,1,479
2028-10-09,70,9,1,946,0,10,0,860
2028-10-10,77,20,1,266,1,10,0,605
2028-10-11,83,2,1,324,2,10,0,539
2028-10-12,57,8,1,676,3,10,0,774
2028-10-13,128,7,0,680,4,10,0,513
2028-10-14,194,2,0,108,5,10,1,164
2028-10-15,136,24,0,335,6,10,1,508
2028-10-16,137,30,1,809,0,10,0,799
2028-10-17,118,12,1,784,1,10,0,762
2028-10-18,136,5,1,893,2,10,0,679
2028-10-19,150,12,0,127,3,10,0,303
2028-10-20,57,22,0,907,4,10,0,838
2028-10-21,126,19,0,745,5,10,1,648
2028-10-22,136,19,1,126,6,10,1,485
2028-10-23,92,11,0,649,0,10,0,616
2028-10-24,178,12,0,295,1,10,0,321
2028-10-25,158,1,1,302,2,10,0,391
2028-10-26,66,20,0,184,3,10,0,570
2028-10-27,182,23,1,931,4,10,0,664
2028-10-28,197,22,0,129,5,10,1,321
2028-10-29,70,15,1,565,6,10,1,771
2028-10-30,107,22,1,198,0,10,0,561
2028-10-31,159,5,1,998,1,10,0,697
2028-11-01,188,18,1,289,2,11,0,446
2028-11-02,192,20,1,111,3,11,0,329
2028-11-03,184,12,0,702,4,11,0,448
2028-11-04,77,16,1,129,5,11,1,618
2028-11-05,100,22,1,824,6,11,1,814
2028-11-06,54,8,1,137,0,11,0,581
2028-11-07,54,16,1,952,1,11,0,924
2028-11-08,143,28,0,671,2,11,0,587
2028-11-09,145,1,1,393,3,11,0,418
2028-11-10,57,18,0,459,4,11,0,678
2028-11-11,113,18,1,754,5,11,1,795
2028-11-12,187,23,1,279,6,11,1,457
2028-11-13,87,6,0,896,0,11,0,704
2028-11-14,160,21,0,211,1,11,0,332
2028-11-15,161,30,0,841,2,11,0,643
2028-11-16,130,9,1,543,3,11,0,591
2028-11-17,185,9,0,120,4,11,0,220
2028-11-18,153,26,1,244,5,11,1,558
2028-11-19,122,19,0,598,6,11,1,561
2028-11-20,98,8,0,245,0,11,0,449
2028-11-21,85,16,1,540,1,11,0,669
2028-11-22,175,26,0,986,2,11,0,682
2028-11-23,117,14,0,520,3,11,0,533
2028-11-24,127,1,1,415,4,11,0,545
2028-11-25,154,30,1,265,5,11,1,553
2028-11-26,171,29,1,751,6,11,1,752
2028-11-27,168,3,0,302,0,11,0,260
2028-11-28,163,18,0,595,1,11,0,500
2028-11-29,59,16,0,855,2,11,0,738
2028-11-30,198,4,0,724,3,11,0,435
2028-12-01,189,6,0,567,4,12,0,431
2028-12-02,140,17,1,812,5,12,1,739
2028-12-03,51,20,0,484,6,12,1,725
2028-12-04,167,21,1,413,0,12,0,550
2028-12-05,62,26,0,870,1,12,0,807
2028-12-06,144,6,1,354,2,12,0,461
2028-12-07,193,16,0,122,3,12,0,218
2028-12-08,81,6,0,857,4,12,0,783
2028-12-09,81,3,1,438,5,12,1,690
2028-12-10,173,7,0,592,6,12,1,449
2028-12-11,60,12,1,922,0,12,0,932
2028-12-12,59,3,0,610,1,12,0,647
2028-12-13,64,5,0,465,2,12,0,601
2028-12-14,66,24,1,471,3,12,0,745
2028-12-15,195,4,0,929,4,12,0,543
2028-12-16,108,29,1,698,5,12,1,815
2028-12-17,127,11,0,318,6,12,1,437
2028-12-18,173,3,0,574,0,12,0,416
2028-12-19,163,23,0,522,1,12,0,508
2028-12-20,71,28,0,455,2,12,0,681
2028-12-21,81,8,0,559,3,12,0,627
2028-12-22,162,3,0,602,4,12,0,397
2028-12-23,169,18,0,126,5,12,1,388
2028-12-24,198,23,1,901,6,12,1,694
2028-12-25,171,13,0,900,0,12,0,580
2028-12-26,81,4,0,959,1,12,0,797
2028-12-27,168,17,0,322,2,12,0,357
2028-12-28,88,9,1,963,3,12,0,885
2028-12-29,61,24,1,789,4,12,0,907
2028-12-30,67,18,0,247,5,12,1,560
2028-12-31,198,11,0,523,6,12,1,387
2029-01-01,190,17,0,838,0,1,0,562
2029-01-02,198,16,1,450,1,1,0,499
2029-01-03,175,29,0,285,2,1,0,421
2029-01-04,185,23,1,514,3,1,0,508
2029-01-05,95,10,0,905,4,1,0,746
2029-01-06,153,2,1,528,5,1,1,546
2029-01-07,184,22,1,140,6,1,1,400
2029-01-08,200,16,0,492,0,1,0,392
2029-01-09,135,0,0,802,1,1,0,590
2029-01-10,199,14,0,178,2,1,0,248
2029-01-11,138,27,0,816,3,1,0,718
2029-01-12,71,8,0,995,4,1,0,815
2029-01-13,141,14,0,889,5,1,1,693
2029-01-14,78,27,0,883,6,1,1,858
2029-01-15,62,23,1,643,0,1,0,878
2029-01-16,51,27,0,549,1,1,0,785
2029-01-17,78,28,0,573,2,1,0,742
2029-01-18,76,2,1,241,3,1,0,550
2029-01-19,99,21,0,350,4,1,0,582
2029-01-20,144,26,0,393,5,1,1,546
2029-01-21,200,18,0,709,6,1,1,479
2029-01-22,137,12,0,235,0,1,0,374
2029-01-23,93,11,1,583,1,1,0,691
2029-01-24,71,19,1,888,2,1,0,854
2029-01-25,146,0,0,411,3,1,0,408
2029-01-26,52,20,0,913,4,1,0,959
2029-01-27,167,16,1,654,5,1,1,679
2029-01-28,68,12,0,731,6,1,1,756
2029-01-29,72,0,1,831,0,1,0,778
2029-01-30,79,9,1,145,1,1,0,522
2029-01-31,88,14,1,335,2,1,0,638
2029-02-01,157,26,0,147,3,2,0,413
2029-02-02,160,26,0,297,4,2,0,417
2029-02-03,74,29,0,183,5,2,1,686
2029-02-04,177,6,1,642,6,2,1,530
2029-02-05,160,27,0,260,0,2,0,434
2029-02-06,185,21,0,527,1,2,0,457
2029-02-07,155,17,1,170,2,2,0,452
2029-02-08,193,15,0,619,3,2,0,428
2029-02-09,121,13,0,997,4,2,0,733
2029-02-10,178,26,0,151,5,2,1,360
2029-02-11,157,27,1,144,6,2,1,556
2029-02-12,54,17,0,392,0,2,0,691
2029-02-13,52,26,1,911,1,2,0,987
2029-02-14,181,6,1,564,2,2,0,453
2029-02-15,153,16,1,984,3,2,0,786
2029-02-16,113,28,0,649,4,2,0,691
2029-02-17,155,17,0,966,5,2,1,703
2029-02-18,147,11,0,479,6,2,1,507
2029-02-19,59,7,1,842,0,2,0,904
2029-02-20,198,21,1,577,1,2,0,573
2029-02-21,177,30,0,361,2,2,0,465
2029-02-22,95,29,1,679,3,2,0,858
2029-02-23,115,1,0,278,4,2,0,402
2029-02-24,161,6,0,456,5,2,1,401
2029-02-25,62,3,0,518,6,2,1,680
2029-02-26,186,17,0,797,0,2,0,544
2029-02-27,135,27,0,300,1,2,0,465
2029-02-28,139,5,0,112,2,2,0,267
2029-03-01,107,26,0,542,3,3,0,615
2029-03-02,103,30,1,825,4,3,0,847
2029-03-03,61,8,0,831,5,3,1,810
2029-03-04,63,26,1,385,6,3,1,793
2029-03-05,170,8,1,855,0,3,0,675
2029-03-06,170,13,0,967,1,3,0,657
2029-03-07,69,7,1,357,2,3,0,677
2029-03-08,124,30,1,669,3,3,0,799
2029-03-09,193,18,1,647,4,3,0,581
2029-03-10,119,2,0,939,5,3,1,682
2029-03-11,105,17,0,589,6,3,1,647
2029-03-12,150,4,0,597,0,3,0,486
2029-03-13,181,13,0,993,1,3,0,581
2029-03-14,160,27,0,804,2,3,0,645
2029-03-15,174,29,1,432,3,3,0,558
2029-03-16,181,3,1,661,4,3,0,563
2029-03-17,69,6,0,131,5,3,1,506
2029-03-18,187,19,1,709,6,3,1,709
2029-03-19,73,24,1,142,0,3,0,618
2029-03-20,86,27,1,992,1,3,0,950
2029-03-21,103,11,1,450,2,3,0,641
2029-03-22,152,1,0,433,3,3,0,362
2029-03-23,198,10,0,921,4,3,0,549
2029-03-24,87,13,0,658,5,3,1,693
2029-03-25,53,21,1,369,6,3,1,772
2029-03-26,106,30,1,922,0,3,0,949
2029-03-27,69,22,0,512,1,3,0,631
2029-03-28,66,15,0,674,2,3,0,739
2029-03-29,168,19,1,118,3,3,0,400
2029-03-30,120,28,0,446,4,3,0,613
2029-03-31,53,5,0,712,5,3,1,775
2029-04-01,63,22,1,136,6,4,1,609
2029-04-02,52,3,1,718,0,4,0,801
2029-04-03,129,14,0,191,1,4,0,399
2029-04-04,104,23,1,919,2,4,0,813
2029-04-05,181,24,0,284,3,4,0,387
2029-04-06,169,0,1,827,4,4,0,586
2029-04-07,73,6,1,127,5,4,1,537
2029-04-08,131,24,0,647,6,4,1,636
2029-04-09,196,30,1,471,0,4,0,530
2029-04-10,109,11,0,931,1,4,0,701
2029-04-11,196,9,1,629,2,4,0,519
2029-04-12,98,4,0,444,3,4,0,540
2029-04-13,112,11,1,518,4,4,0,645
2029-04-14,159,17,1,295,5,4,1,557
2029-04-15,199,9,0,177,6,4,1,225
2029-04-16,158,5,1,266,0,4,0,429
2029-04-17,125,27,0,189,1,4,0,532
2029-04-18,79,11,1,363,2,4,0,603
2029-04-19,107,6,1,571,3,4,0,604
2029-04-20,166,17,0,307,4,4,0,423
2029-04-21,149,1,1,823,5,4,1,681
2029-04-22,68,9,1,370,6,4,1,678
2029-04-23,143,14,0,362,0,4,0,404
2029-04-24,162,29,1,605,1,4,0,671
2029-04-25,195,11,0,884,2,4,0,531
2029-04-26,112,25,0,611,3,4,0,658
2029-04-27,165,16,0,953,4,4,0,606
2029-04-28,162,3,1,825,5,4,1,650
2029-04-29,96,6,1,985,6,4,1,854
2029-04-30,106,29,0,675,0,4,0,731
2029-05-01,167,8,1,623,1,5,0,528
2029-05-02,94,30,0,821,2,5,0,798
2029-05-03,194,18,1,411,3,5,0,550
2029-05-04,53,27,0,273,4,5,0,609
2029-05-05,197,26,0,530,5,5,1,461
2029-05-06,96,22,1,867,6,5,1,897
2029-05-07,192,6,0,562,0,5,0,288
2029-05-08,96,22,0,200,1,5,0,460
2029-05-09,127,1,1,115,2,5,0,411
2029-05-10,173,5,0,808,3,5,0,502
2029-05-11,124,17,0,357,4,5,0,516
2029-05-12,152,5,1,995,5,5,1,747
2029-05-13,186,12,0,343,6,5,1,350
2029-05-14,139,25,0,447,0,5,0,510
2029-05-15,193,18,0,348,1,5,0,338
2029-05-16,118,29,0,204,2,5,0,459
2029-05-17,110,1,0,793,3,5,0,603
2029-05-18,187,11,0,766,4,5,0,463
2029-05-19,99,14,0,386,5,5,1,525
2029-05-20,52,13,0,268,6,5,1,584
2029-05-21,156,5,1,519,0,5,0,539
2029-05-22,162,17,0,146,1,5,0,329
2029-05-23,143,4,0,142,2,5,0,316
2029-05-24,167,17,1,420,3,5,0,496
2029-05-25,130,2,0,917,4,5,0,621
2029-05-26,158,2,0,320,5,5,1,408
2029-05-27,100,21,0,612,6,5,1,727
2029-05-28,196,21,0,811,0,5,0,504
2029-05-29,84,9,0,540,1,5,0,568
2029-05-30,95,18,0,243,2,5,0,553
2029-05-31,118,2,1,989,3,5,0,788
2029-06-01,142,28,1,127,4,6,0,501
2029-06-02,113,11,1,953,5,6,1,831
2029-06-03,98,28,1,949,6,6,1,960
2029-06-04,198,15,1,889,0,6,0,642
2029-06-05,123,16,0,652,1,6,0,579
2029-06-06,54,6,0,943,2,6,0,794
2029-06-07,149,12,0,758,3,6,0,548
2029-06-08,119,23,0,956,4,6,0,764
2029-06-09,139,1,0,789,5,6,1,550
2029-06-10,53,3,1,926,6,6,1,871
2029-06-11,175,9,1,936,0,6,0,714
2029-06-12,88,6,0,266,1,6,0,458
2029-06-13,178,23,0,734,2,6,0,604
2029-06-14,73,16,0,685,3,6,0,650
2029-06-15,106,19,1,850,4,6,0,780
2029-06-16,149,5,1,348,5,6,1,510
2029-06-17,119,18,0,874,6,6,1,730
2029-06-18,90,4,1,863,0,6,0,750
2029-06-19,109,9,0,456,1,6,0,543
2029-06-20,157,8,1,210,2,6,0,384
2029-06-21,106,26,1,791,3,6,0,870
2029-06-22,80,12,0,799,4,6,0,717
2029-06-23,133,18,1,919,5,6,1,790
2029-06-24,85,20,1,818,6,6,1,867
2029-06-25,157,23,0,333,0,6,0,475
2029-06-26,155,5,1,123,1,6,0,355
2029-06-27,135,3,0,125,2,6,0,324
2029-06-28,184,23,1,480,3,6,0,581
2029-06-29,63,26,0,829,4,6,0,833
2029-06-30,169,2,0,445,5,6,1,373
2029-07-01,187,2,1,477,6,7,1,440
2029-07-02,129,3,1,621,0,7,0,611
2029-07-03,193,24,0,116,1,7,0,321
2029-07-04,155,4,1,344,2,7,0,406
2029-07-05,119,7,1,817,3,7,0,725
2029-07-06,93,15,1,869,4,7,0,837
2029-07-07,122,21,0,723,5,7,1,621
2029-07-08,94,2,0,816,6,7,1,647
2029-07-09,156,30,0,638,0,7,0,568
2029-07-10,133,23,1,682,1,7,0,740
2029-07-11,131,11,1,787,2,7,0,731
2029-07-12,156,24,0,301,3,7,0,367
2029-07-13,70,7,0,347,4,7,0,548
2029-07-14,56,12,1,217,5,7,1,675
2029-07-15,119,3,1,108,6,7,1,463
2029-07-16,176,13,1,697,0,7,0,591
2029-07-17,192,13,1,122,1,7,0,353
2029-07-18,197,12,0,339,2,7,0,332
2029-07-19,192,26,1,684,3,7,0,566
2029-07-20,198,5,1,126,4,7,0,273
2029-07-21,169,16,0,960,5,7,1,643
2029-07-22,177,3,0,180,6,7,1,241
2029-07-23,191,7,1,695,0,7,0,512
2029-07-24,106,16,0,298,1,7,0,488
2029-07-25,107,2,1,654,2,7,0,614
2029-07-26,70,16,1,874,3,7,0,905
2029-07-27,131,8,0,191,4,7,0,338
2029-07-28,118,1,0,950,5,7,1,700
2029-07-29,180,24,1,183,6,7,1,440
2029-07-30,136,12,0,399,0,7,0,422
2029-07-31,98,19,1,395,1,7,0,624
2029-08-01,196,1,1,746,2,8,0,484
2029-08-02,164,19,1,553,3,8,0,555
2029-08-03,138,27,0,380,4,8,0,515
2029-08-04,134,10,1,158,5,8,1,498
2029-08-05,177,26,1,970,6,8,1,797
2029-08-06,189,25,1,441,0,8,0,512
2029-08-07,166,21,0,852,1,8,0,620
2029-08-08,176,14,1,564,2,8,0,534
2029-08-09,120,10,1,979,3,8,0,794
2029-08-10,135,22,1,441,4,8,0,599
2029-08-11,82,2,0,709,5,8,1,676
2029-08-12,130,2,1,161,6,8,1,359
2029-08-13,110,27,1,875,0,8,0,792
2029-08-14,110,25,0,724,1,8,0,717
2029-08-15,147,11,0,528,2,8,0,458
2029-08-16,77,23,1,757,3,8,0,883
2029-08-17,92,4,1,827,4,8,0,740
2029-08-18,135,19,1,355,5,8,1,639
2029-08-19,66,6,0,927,6,8,1,786
2029-08-20,147,6,0,927,0,8,0,612
2029-08-21,147,12,1,973,1,8,0,733
2029-08-22,114,8,0,869,2,8,0,624
2029-08-23,123,24,1,805,3,8,0,735
2029-08-24,134,20,1,446,4,8,0,625
2029-08-25,54,12,0,625,5,8,1,735
2029-08-26,51,11,1,403,6,8,1,738
2029-08-27,71,12,0,714,0,8,0,661
2029-08-28,161,23,0,344,1,8,0,464
2029-08-29,106,9,1,856,2,8,0,770
2029-08-30,115,0,0,923,3,8,0,652
2029-08-31,123,24,1,879,4,8,0,817
2029-09-01,147,7,0,835,5,9,1,562
2029-09-02,193,21,1,831,6,9,1,701
2029-09-03,161,15,1,922,0,9,0,725
2029-09-04,174,12,1,511,1,9,0,501
2029-09-05,135,2,0,977,2,9,0,634
2029-09-06,125,2,1,316,3,9,0,501
2029-09-07,137,23,0,615,4,9,0,597
2029-09-08,87,4,0,573,5,9,1,544
2029-09-09,108,25,0,135,6,9,1,438
2029-09-10,187,10,0,277,0,9,0,299
2029-09-11,148,29,0,486,1,9,0,513
2029-09-12,112,6,1,868,2,9,0,712
2029-09-13,98,20,0,116,3,9,0,452
2029-09-14,81,23,1,810,4,9,0,835
2029-09-15,184,9,1,929,5,9,1,654
2029-09-16,70,9,0,147,6,9,1,509
2029-09-17,69,19,1,161,0,9,0,566
2029-09-18,176,1,1,168,1,9,0,269
2029-09-19,117,2,0,758,2,9,0,521
2029-09-20,159,7,1,970,3,9,0,669
2029-09-21,165,30,0,465,4,9,0,498
2029-09-22,192,10,0,261,5,9,1,272
2029-09-23,169,12,0,838,6,9,1,622
2029-09-24,128,6,1,587,0,9,0,612
2029-09-25,165,12,1,530,1,9,0,531
2029-09-26,141,1,1,958,2,9,0,734
2029-09-27,63,5,1,588,3,9,0,684
2029-09-28,174,8,0,329,4,9,0,340
2029-09-29,107,30,0,469,5,9,1,637
2029-09-30,77,19,1,277,6,9,1,658
2029-10-01,75,24,0,956,0,10,0,862
2029-10-02,162,1,1,509,1,10,0,464
2029-10-03,115,17,0,667,2,10,0,619
2029-10-04,180,15,0,689,3,10,0,479
2029-10-05,93,24,0,369,4,10,0,582
2029-10-06,146,11,0,305,5,10,1,391
2029-10-07,91,6,0,892,6,10,1,754
2029-10-08,55,6,1,839,0,10,0,786
2029-10-09,72,16,1,999,1,10,0,946
2029-10-10,138,12,0,850,2,10,0,559
2029-10-11,172,10,1,899,3,10,0,634
2029-10-12,196,5,0,181,4,10,0,212
2029-10-13,100,28,0,945,5,10,1,779
2029-10-14,60,22,0,861,6,10,1,861
2029-10-15,61,26,0,292,0,10,0,575
2029-10-16,123,13,1,717,1,10,0,668
2029-10-17,57,5,0,288,2,10,0,487
2029-10-18,90,5,1,375,3,10,0,546
2029-10-19,134,1,0,173,4,10,0,246
2029-10-20,121,21,0,109,5,10,1,490
2029-10-21,104,19,1,734,6,10,1,796
2029-10-22,186,24,0,315,0,10,0,328
2029-10-23,96,14,0,389,1,10,0,508
2029-10-24,192,27,1,544,2,10,0,561
2029-10-25,153,16,1,651,3,10,0,614
2029-10-26,91,28,1,292,4,10,0,628
2029-10-27,109,7,0,738,5,10,1,607
2029-10-28,61,4,0,388,6,10,1,610
2029-10-29,179,16,1,682,0,10,0,544
2029-10-30,56,19,1,748,1,10,0,814
2029-10-31,129,0,0,243,2,10,0,319
2029-11-01,180,21,0,488,3,11,0,377
2029-11-02,158,17,1,965,4,11,0,723
2029-11-03,52,14,1,991,5,11,1,950
2029-11-04,76,4,1,506,6,11,1,658
2029-11-05,163,6,1,910,0,11,0,665
2029-11-06,156,17,0,469,1,11,0,463
2029-11-07,89,5,0,956,2,11,0,700
2029-11-08,178,21,0,540,3,11,0,457
2029-11-09,57,20,0,880,4,11,0,807
2029-11-10,150,4,1,995,5,11,1,755
2029-11-11,173,29,0,750,6,11,1,580
2029-11-12,156,18,1,663,0,11,0,643
2029-11-13,150,30,0,628,1,11,0,603
2029-11-14,53,9,0,776,2,11,0,814
2029-11-15,159,14,0,112,3,11,0,239
2029-11-16,68,9,1,801,4,11,0,904
2029-11-17,81,26,0,439,5,11,1,691
2029-11-18,186,15,1,964,6,11,1,768
2029-11-19,61,11,1,973,0,11,0,944
2029-11-20,188,17,0,963,1,11,0,561
2029-11-21,95,22,1,875,2,11,0,885
2029-11-22,168,0,0,411,3,11,0,303
2029-11-23,65,15,1,832,4,11,0,870
2029-11-24,178,21,0,203,5,11,1,320
2029-11-25,112,5,1,438,6,11,1,581
2029-11-26,158,2,1,297,0,11,0,435
2029-11-27,168,1,0,399,1,11,0,337
2029-11-28,70,27,0,543,2,11,0,738
2029-11-29,62,1,0,458,3,11,0,517
2029-11-30,53,29,0,467,4,11,0,665
2029-12-01,151,12,1,268,5,12,1,528
2029-12-02,108,8,1,248,6,12,1,584
2029-12-03,177,15,1,860,0,12,0,671
2029-12-04,76,26,1,867,1,12,0,937
2029-12-05,118,4,0,141,2,12,0,366
2029-12-06,74,22,1,301,3,12,0,688
2029-12-07,180,27,0,343,4,12,0,428
2029-12-08,146,20,1,768,5,12,1,770
2029-12-09,74,6,0,563,6,12,1,634
2029-12-10,197,12,0,548,0,12,0,375
2029-12-11,175,19,0,897,1,12,0,615
2029-12-12,182,23,0,893,2,12,0,676
2029-12-13,58,28,0,536,3,12,0,713
2029-12-14,165,26,1,992,4,12,0,784
2029-12-15,183,29,0,849,5,12,1,596
2029-12-16,109,25,1,630,6,12,1,802
2029-12-17,170,12,1,664,0,12,0,570
2029-12-18,188,26,0,696,1,12,0,490
2029-12-19,157,25,1,372,2,12,0,558
2029-12-20,157,6,1,529,3,12,0,572
2029-12-21,180,9,1,971,4,12,0,663
2029-12-22,125,14,0,312,5,12,1,467
2029-12-23,79,20,0,972,6,12,1,904
2029-12-24,70,26,0,203,0,12,0,571
2029-12-25,83,5,0,291,1,12,0,439
2029-12-26,90,4,1,788,2,12,0,776
2029-12-27,100,22,1,758,3,12,0,847
2029-12-28,131,27,1,479,4,12,0,659
2029-12-29,107,1,1,180,5,12,1,497
2029-12-30,124,20,1,804,6,12,1,764
2029-12-31,72,14,1,648,0,12,0,759
2030-01-01,177,25,0,476,1,1,0,456
2030-01-02,199,15,1,937,2,1,0,659
2030-01-03,66,30,1,253,3,1,0,706
2030-01-04,118,18,1,741,4,1,0,744
2030-01-05,157,8,0,670,5,1,1,525
2030-01-06,188,28,1,835,6,1,1,703
2030-01-07,143,21,1,860,0,1,0,760
2030-01-08,64,28,0,339,1,1,0,687
2030-01-09,140,25,1,473,2,1,0,621
2030-01-10,82,18,0,1000,3,1,0,804
2030-01-11,174,6,0,904,4,1,0,611
2030-01-12,65,3,1,898,5,1,1,886
2030-01-13,115,29,1,303,6,1,1,648
2030-01-14,96,2,0,710,0,1,0,626
2030-01-15,197,23,1,449,1,1,0,513
2030-01-16,173,28,1,787,2,1,0,697
2030-01-17,50,19,0,873,3,1,0,848
2030-01-18,136,10,0,882,4,1,0,627
2030-01-19,177,0,1,242,5,1,1,408
2030-01-20,116,5,0,288,6,1,1,464
2030-01-21,53,25,1,371,0,1,0,708
2030-01-22,96,10,1,631,1,1,0,772
2030-01-23,87,26,1,944,2,1,0,930
2030-01-24,192,0,1,399,3,1,0,432
2030-01-25,70,20,0,525,4,1,0,696
2030-01-26,106,6,1,145,5,1,1,518
2030-01-27,166,30,0,194,6,1,1,428
2030-01-28,95,5,1,163,0,1,0,588
2030-01-29,191,13,1,512,1,1,0,485
2030-01-30,194,1,0,742,2,1,0,399
2030-01-31,88,26,1,108,3,1,0,585
2030-02-01,186,3,0,558,4,2,0,375
2030-02-02,148,10,0,814,5,2,1,618
2030-02-03,126,14,1,508,6,2,1,690
2030-02-04,164,17,1,569,0,2,0,616
2030-02-05,183,26,1,909,1,2,0,759
2030-02-06,200,0,1,605,2,2,0,444
2030-02-07,140,30,0,785,3,2,0,713
2030-02-08,147,2,1,172,4,2,0,417
2030-02-09,169,2,1,183,5,2,1,381
2030-02-10,95,30,1,158,6,2,1,670
2030-02-11,87,27,1,120,0,2,0,641
2030-02-12,191,6,1,557,1,2,0,486
2030-02-13,149,0,0,256,2,2,0,322
2030-02-14,121,24,1,930,3,2,0,901
2030-02-15,84,10,0,428,4,2,0,568
2030-02-16,196,5,1,672,5,2,1,522
2030-02-17,79,19,1,675,6,2,1,805
2030-02-18,127,2,1,936,0,2,0,742
2030-02-19,133,30,0,779,1,2,0,694
2030-02-20,162,18,1,302,2,2,0,520
2030-02-21,74,1,0,740,3,2,0,709
2030-02-22,137,17,0,856,4,2,0,631
2030-02-23,63,29,1,205,5,2,1,713
2030-02-24,151,11,0,932,6,2,1,664
2030-02-25,199,28,1,221,0,2,0,415
2030-02-26,132,9,1,417,1,2,0,550
2030-02-27,159,4,0,281,2,2,0,307
2030-02-28,180,8,1,714,3,2,0,544
2030-03-01,68,1,1,415,4,3,0,670
2030-03-02,77,1,0,913,5,3,1,758
2030-03-03,120,27,0,872,6,3,1,839
2030-03-04,112,5,0,724,0,3,0,611
2030-03-05,122,28,0,505,1,3,0,647
2030-03-06,173,30,0,169,2,3,0,360
2030-03-07,168,9,0,259,3,3,0,300
2030-03-08,170,17,1,339,4,3,0,557
2030-03-09,68,11,0,622,5,3,1,690
2030-03-10,191,3,0,237,6,3,1,239
2030-03-11,169,21,1,594,0,3,0,579
2030-03-12,110,20,1,778,1,3,0,859
2030-03-13,79,16,0,346,2,3,0,562
2030-03-14,58,14,0,965,3,3,0,862
2030-03-15,113,5,1,642,4,3,0,670
2030-03-16,169,15,0,623,5,3,1,504
2030-03-17,101,16,0,342,6,3,1,546
2030-03-18,138,2,1,719,0,3,0,657
2030-03-19,191,9,0,435,1,3,0,310
2030-03-20,102,4,1,521,2,3,0,655
2030-03-21,127,13,0,934,3,3,0,738
2030-03-22,90,25,1,293,4,3,0,681
2030-03-23,117,28,1,407,5,3,1,749
2030-03-24,57,20,1,744,6,3,1,882
2030-03-25,51,12,0,605,0,3,0,655
2030-03-26,154,25,1,380,1,3,0,586
2030-03-27,174,5,0,902,2,3,0,530
2030-03-28,159,30,1,774,3,3,0,778
2030-03-29,135,11,1,889,4,3,0,741
2030-03-30,169,25,1,538,5,3,1,647
2030-03-31,176,7,0,814,6,3,1,551
2030-04-01,65,4,0,707,0,4,0,685
2030-04-02,111,29,1,582,1,4,0,748
2030-04-03,162,14,0,322,2,4,0,343
2030-04-04,61,26,0,848,3,4,0,849
2030-04-05,84,15,0,216,4,4,0,546
2030-04-06,60,0,1,291,5,4,1,617
2030-04-07,113,15,0,887,6,4,1,724
2030-04-08,99,4,1,717,0,4,0,722
2030-04-09,198,2,1,615,1,4,0,433
2030-04-10,118,19,1,629,2,4,0,749
2030-04-11,97,14,0,406,3,4,0,515
2030-04-12,69,30,1,631,4,4,0,864
2030-04-13,150,12,0,221,5,4,1,463
2030-04-14,186,23,0,748,6,4,1,547
2030-04-15,117,15,1,691,0,4,0,770
2030-04-16,84,22,1,253,1,4,0,655
2030-04-17,114,10,1,969,2,4,0,826
2030-04-18,57,20,0,636,3,4,0,725
2030-04-19,94,1,0,551,4,4,0,570
2030-04-20,136,21,1,268,5,4,1,568
2030-04-21,125,26,1,158,6,4,1,547
2030-04-22,125,5,0,400,0,4,0,487
2030-04-23,96,25,0,652,1,4,0,691
2030-04-24,64,25,1,649,2,4,0,809
2030-04-25,154,29,0,216,3,4,0,424
2030-04-26,196,26,0,886,4,4,0,625
2030-04-27,75,5,0,881,5,4,1,786
2030-04-28,101,13,0,226,6,4,1,473
2030-04-29,142,24,0,504,0,4,0,517
2030-04-30,199,10,0,498,1,4,0,319
2030-05-01,70,7,1,614,2,5,0,745
2030-05-02,100,7,0,904,3,5,0,706
2030-05-03,87,0,1,984,4,5,0,846
2030-05-04,69,20,1,597,5,5,1,831
2030-05-05,181,6,0,627,6,5,1,448
2030-05-06,104,5,1,497,0,5,0,612
2030-05-07,141,20,1,364,1,5,0,573
2030-05-08,77,7,1,850,2,5,0,822
2030-05-09,53,18,0,362,3,5,0,662
2030-05-10,199,21,1,497,4,5,0,520
2030-05-11,125,30,0,745,5,5,1,736
2030-05-12,116,20,1,824,6,5,1,831
2030-05-13,135,23,1,626,0,5,0,672
2030-05-14,140,19,1,535,1,5,0,634
2030-05-15,154,7,1,939,2,5,0,688
2030-05-16,50,25,0,459,3,5,0,724
2030-05-17,121,13,1,228,4,5,0,513
2030-05-18,136,30,1,963,5,5,1,948
2030-05-19,55,17,0,733,6,5,1,765
2030-05-20,194,24,0,340,0,5,0,280
2030-05-21,110,28,0,726,1,5,0,723
2030-05-22,61,15,1,808,2,5,0,862
2030-05-23,55,8,0,321,3,5,0,568
2030-05-24,76,14,0,313,4,5,0,511
2030-05-25,185,29,0,691,5,5,1,644
2030-05-26,173,25,0,874,6,5,1,652
2030-05-27,155,9,0,234,0,5,0,312
2030-05-28,142,28,0,917,1,5,0,785
2030-05-29,158,21,1,853,2,5,0,760
2030-05-30,148,15,0,485,3,5,0,520
2030-05-31,191,3,1,402,4,5,0,394
2030-06-01,84,19,0,881,5,6,1,811
2030-06-02,133,12,0,386,6,6,1,460
2030-06-03,105,21,0,661,0,6,0,638
2030-06-04,190,4,1,288,1,6,0,367
2030-06-05,98,21,0,396,2,6,0,556
2030-06-06,95,6,0,625,3,6,0,657
2030-06-07,162,22,0,488,4,6,0,506
2030-06-08,185,8,0,558,5,6,1,480
2030-06-09,92,7,1,843,6,6,1,751
2030-06-10,197,28,1,360,0,6,0,547
2030-06-11,173,15,1,803,1,6,0,579
2030-06-12,146,5,1,814,2,6,0,621
2030-06-13,139,27,1,872,3,6,0,753
2030-06-14,88,15,0,212,4,6,0,491
2030-06-15,134,5,0,985,5,6,1,680
2030-06-16,111,30,0,963,6,6,1,867
2030-06-17,155,13,1,135,0,6,0,406
2030-06-18,156,20,0,178,1,6,0,396
2030-06-19,103,0,1,374,2,6,0,516
2030-06-20,175,24,0,377,3,6,0,458
2030-06-21,58,8,1,773,4,6,0,832
2030-06-22,137,24,0,411,5,6,1,611
2030-06-23,86,30,0,628,6,6,1,785
2030-06-24,98,26,0,303,0,6,0,546
2030-06-25,90,23,0,116,1,6,0,480
2030-06-26,66,12,1,813,2,6,0,823
2030-06-27,137,25,0,575,3,6,0,592
2030-06-28,70,28,0,610,4,6,0,735
2030-06-29,100,18,0,309,5,6,1,565
2030-06-30,108,16,1,598,6,6,1,693
2030-07-01,90,10,0,501,0,7,0,556
2030-07-02,88,27,0,528,1,7,0,630
2030-07-03,190,27,0,177,2,7,0,288
2030-07-04,60,7,0,667,3,7,0,695
2030-07-05,196,22,0,179,4,7,0,318
2030-07-06,188,28,1,405,5,7,1,481
2030-07-07,126,4,1,157,6,7,1,512
2030-07-08,176,9,1,629,0,7,0,582
2030-07-09,95,6,0,307,1,7,0,417
2030-07-10,94,9,1,610,2,7,0,721
2030-07-11,50,3,0,234,3,7,0,490
2030-07-12,157,8,0,943,4,7,0,595
2030-07-13,68,26,0,621,5,7,1,785
2030-07-14,125,25,0,680,6,7,1,686
2030-07-15,121,13,1,952,0,7,0,782
2030-07-16,158,1,1,998,1,7,0,666
2030-07-17,61,24,1,182,2,7,0,650
2030-07-18,94,8,0,720,3,7,0,669
2030-07-19,139,20,1,143,4,7,0,418
2030-07-20,152,26,1,582,5,7,1,679
2030-07-21,57,0,0,743,6,7,1,755
2030-07-22,140,22,1,592,0,7,0,683
2030-07-23,136,9,0,598,1,7,0,539
2030-07-24,133,9,1,117,2,7,0,416
2030-07-25,131,19,1,704,3,7,0,675
2030-07-26,195,24,1,393,4,7,0,484
2030-07-27,117,21,0,247,5,7,1,474
2030-07-28,176,28,1,571,6,7,1,708
2030-07-29,131,2,1,271,0,7,0,447
2030-07-30,196,5,1,662,1,7,0,512
2030-07-31,133,28,1,630,2,7,0,772
2030-08-01,162,25,0,219,3,8,0,347
2030-08-02,125,5,0,935,4,8,0,572
2030-08-03,171,20,1,836,5,8,1,728
2030-08-04,192,1,1,165,6,8,1,329
2030-08-05,90,25,1,240,0,8,0,620
2030-08-06,51,25,0,545,1,8,0,698
2030-08-07,78,17,1,605,2,8,0,772
2030-08-08,154,22,1,288,3,8,0,508
2030-08-09,100,1,0,257,4,8,0,409
2030-08-10,124,11,0,709,5,8,1,578
2030-08-11,59,21,0,769,6,8,1,826
2030-08-12,191,4,1,345,0,8,0,392
2030-08-13,100,19,0,955,1,8,0,723
2030-08-14,167,6,0,847,2,8,0,570
2030-08-15,170,23,1,132,3,8,0,427
2030-08-16,88,15,0,460,4,8,0,600
2030-08-17,77,19,1,852,5,8,1,865
2030-08-18,52,0,1,429,6,8,1,709
2030-08-19,133,0,0,611,0,8,0,420
2030-08-20,166,16,1,949,1,8,0,690
2030-08-21,51,26,0,886,2,8,0,882
2030-08-22,142,0,0,170,3,8,0,267
2030-08-23,180,20,0,412,4,8,0,397
2030-08-24,193,19,1,827,5,8,1,719
2030-08-25,143,12,0,178,6,8,1,367
2030-08-26,89,29,1,268,0,8,0,687
2030-08-27,51,8,1,909,1,8,0,891
2030-08-28,130,14,1,279,2,8,0,510
2030-08-29,61,2,0,727,3,8,0,641
2030-08-30,114,13,1,359,4,8,0,583
2030-08-31,104,22,1,585,5,8,1,833
2030-09-01,94,10,0,871,6,9,1,733
2030-09-02,150,23,0,104,0,9,0,339
2030-09-03,111,21,1,396,1,9,0,666
2030-09-04,98,11,1,719,2,9,0,767
2030-09-05,176,12,0,954,3,9,0,593
2030-09-06,72,25,1,459,4,9,0,745
2030-09-07,87,12,1,216,5,9,1,627
2030-09-08,77,0,1,456,6,9,1,652
2030-09-09,70,23,1,942,0,9,0,969
2030-09-10,156,30,0,538,1,9,0,519
2030-09-11,195,9,1,430,2,9,0,399
2030-09-12,148,2,0,624,3,9,0,457
2030-09-13,168,23,1,753,4,9,0,633
2030-09-14,122,27,0,287,5,9,1,515
2030-09-15,171,3,1,380,6,9,1,407
2030-09-16,79,15,0,610,0,9,0,605
2030-09-17,157,7,1,565,1,9,0,610
2030-09-18,147,15,0,214,2,9,0,338
2030-09-19,81,26,1,335,3,9,0,676
2030-09-20,128,16,1,437,4,9,0,591
2030-09-21,90,18,0,621,5,9,1,647
2030-09-22,112,21,0,298,6,9,1,505
2030-09-23,72,14,0,863,0,9,0,816
2030-09-24,153,15,0,149,1,9,0,329
2030-09-25,124,14,0,241,2,9,0,438
2030-09-26,97,24,1,882,3,9,0,916
2030-09-27,106,1,0,627,4,9,0,540
2030-09-28,167,10,0,613,5,9,1,475
2030-09-29,149,0,1,769,6,9,1,587
2030-09-30,173,14,0,129,0,9,0,254
2030-10-01,83,25,0,181,1,10,0,518
2030-10-02,56,18,0,130,2,10,0,497
2030-10-03,105,3,1,847,3,10,0,781
2030-10-04,114,10,0,432,4,10,0,519
2030-10-05,96,4,1,759,5,10,1,783
2030-10-06,197,2,1,276,6,10,1,344
2030-10-07,68,12,0,469,0,10,0,572
2030-10-08,195,9,1,646,1,10,0,545
2030-10-09,175,10,0,634,2,10,0,455
2030-10-10,188,17,0,205,3,10,0,306
2030-10-11,98,1,0,196,4,10,0,397
2030-10-12,162,6,0,329,5,10,1,368
2030-10-13,87,8,0,326,6,10,1,578
2030-10-14,113,9,1,470,0,10,0,579
2030-10-15,118,17,1,199,1,10,0,511
2030-10-16,185,22,1,544,2,10,0,598
2030-10-17,165,6,1,567,3,10,0,521
2030-10-18,114,26,0,154,4,10,0,451
2030-10-19,80,6,0,294,5,10,1,501
2030-10-20,181,2,1,619,6,10,1,537
2030-10-21,162,11,0,523,0,10,0,425
2030-10-22,158,6,1,414,1,10,0,461
2030-10-23,118,16,1,227,2,10,0,546
2030-10-24,169,25,1,131,3,10,0,434
2030-10-25,137,0,1,192,4,10,0,364
2030-10-26,116,4,0,618,5,10,1,558
2030-10-27,124,15,0,357,6,10,1,533
2030-10-28,94,14,1,952,0,10,0,877
2030-10-29,53,1,1,319,1,10,0,663
2030-10-30,156,8,1,851,2,10,0,638
2030-10-31,100,30,1,205,3,10,0,655
2030-11-01,99,6,1,647,4,11,0,666
2030-11-02,55,3,0,515,5,11,1,599
2030-11-03,108,19,1,656,6,11,1,742
2030-11-04,174,17,1,909,0,11,0,700
2030-11-05,192,20,0,408,1,11,0,405
2030-11-06,79,3,0,465,2,11,0,547
2030-11-07,171,27,0,620,3,11,0,531
2030-11-08,174,12,0,558,4,11,0,399
2030-11-09,86,0,0,698,5,11,1,653
2030-11-10,173,27,0,469,6,11,1,531
2030-11-11,150,23,0,430,0,11,0,491
2030-11-12,84,2,0,788,1,11,0,621
2030-11-13,136,15,0,741,2,11,0,619
2030-11-14,183,29,1,806,3,11,0,733
2030-11-15,67,21,0,110,4,11,0,556
2030-11-16,162,3,1,917,5,11,1,670
2030-11-17,78,24,1,606,6,11,1,844
2030-11-18,126,22,1,518,0,11,0,644
2030-11-19,108,24,1,221,1,11,0,560
2030-11-20,175,15,1,334,2,11,0,501
2030-11-21,194,25,1,430,3,11,0,521
2030-11-22,158,18,1,642,4,11,0,665
2030-11-23,71,0,1,447,5,11,1,625
2030-11-24,117,4,0,511,6,11,1,524
2030-11-25,118,18,1,323,0,11,0,593
2030-11-26,98,21,1,252,1,11,0,580
2030-11-27,190,23,1,311,2,11,0,499
2030-11-28,158,10,1,191,3,11,0,398
2030-11-29,135,12,0,430,4,11,0,471
2030-11-30,102,19,1,566,5,11,1,726
2030-12-01,172,4,0,959,6,12,1,554
2030-12-02,136,20,0,740,0,12,0,651
2030-12-03,180,3,1,808,1,12,0,590
2030-12-04,91,3,1,653,2,12,0,701
2030-12-05,147,3,0,977,3,12,0,603
2030-12-06,158,3,1,327,4,12,0,440
2030-12-07,100,19,1,293,5,12,1,680
2030-12-08,134,20,0,629,6,12,1,593
2030-12-09,176,17,0,944,0,12,0,627
2030-12-10,70,17,1,342,1,12,0,688
2030-12-11,93,15,1,488,2,12,0,679
2030-12-12,188,8,1,375,3,12,0,365
2030-12-13,152,17,0,549,4,12,0,500
2030-12-14,117,21,1,738,5,12,1,816
2030-12-15,178,1,0,686,6,12,1,463
2030-12-16,141,20,0,673,0,12,0,544
2030-12-17,73,3,1,577,1,12,0,737
2030-12-18,174,11,0,579,2,12,0,488
2030-12-19,190,6,1,387,3,12,0,402
2030-12-20,160,14,1,797,4,12,0,738
2030-12-21,147,6,0,789,5,12,1,557
2030-12-22,188,28,1,777,6,12,1,667
2030-12-23,66,21,0,794,0,12,0,760
2030-12-24,148,25,0,639,1,12,0,592
2030-12-25,131,20,1,429,2,12,0,556
2030-12-26,153,16,1,569,3,12,0,592
2030-12-27,68,15,1,858,4,12,0,970
2030-12-28,134,27,1,948,5,12,1,831
2030-12-29,57,30,0,633,6,12,1,803
2030-12-30,77,18,0,566,0,12,0,631
2030-12-31,54,8,0,519,1,12,0,631
2031-01-01,194,30,1,707,2,1,0,639
2031-01-02,150,13,0,221,3,1,0,338
2031-01-03,167,16,0,861,4,1,0,591
2031-01-04,196,4,1,990,5,1,1,678
2031-01-05,113,1,1,407,6,1,1,618
2031-01-06,140,19,1,433,0,1,0,585
2031-01-07,166,15,0,519,1,1,0,456
2031-01-08,147,13,1,425,2,1,0,560
2031-01-09,60,13,0,748,3,1,0,712
2031-01-10,103,26,0,888,4,1,0,780
2031-01-11,96,0,0,931,5,1,1,700
2031-01-12,189,2,0,943,6,1,1,573
2031-01-13,198,25,0,672,0,1,0,555
2031-01-14,188,6,1,349,1,1,0,375
2031-01-15,54,25,0,194,2,1,0,638
2031-01-16,69,14,1,395,3,1,0,651
2031-01-17,95,18,0,283,4,1,0,524
2031-01-18,61,19,0,359,5,1,1,659
2031-01-19,119,1,1,898,6,1,1,717
2031-01-20,66,18,0,766,0,1,0,745
2031-01-21,164,8,0,285,1,1,0,303
2031-01-22,196,18,1,508,2,1,0,467
2031-01-23,97,26,1,168,3,1,0,528
2031-01-24,157,4,0,937,4,1,0,580
2031-01-25,101,17,0,872,5,1,1,764
2031-01-26,145,15,0,726,6,1,1,608
2031-01-27,119,3,1,958,0,1,0,788
2031-01-28,151,11,0,107,1,1,0,243
2031-01-29,124,28,1,364,2,1,0,631
2031-01-30,200,6,1,882,3,1,0,665
2031-01-31,192,13,0,583,4,1,0,446
2031-02-01,131,22,1,860,5,2,1,857
2031-02-02,141,11,0,716,6,2,1,568
2031-02-03,53,2,0,874,0,2,0,756
2031-02-04,184,4,1,835,1,2,0,526
2031-02-05,158,16,1,939,2,2,0,766
2031-02-06,97,25,1,470,3,2,0,770
2031-02-07,122,9,1,882,4,2,0,719
2031-02-08,121,9,1,776,5,2,1,717
2031-02-09,165,10,1,182,6,2,1,430
2031-02-10,130,16,0,906,0,2,0,696
2031-02-11,130,4,0,745,1,2,0,550
2031-02-12,162,12,0,310,2,2,0,344
2031-02-13,145,9,1,412,3,2,0,504
2031-02-14,121,8,1,703,4,2,0,686
2031-02-15,196,16,1,436,5,2,1,519
2031-02-16,112,0,0,589,6,2,1,549
2031-02-17,87,3,0,502,0,2,0,546
2031-02-18,116,3,1,738,1,2,0,634
2031-02-19,118,17,1,290,2,2,0,600
2031-02-20,62,8,1,770,3,2,0,831
2031-02-21,80,29,1,942,4,2,0,957
2031-02-22,163,24,0,434,5,2,1,514
2031-02-23,71,28,0,621,6,2,1,760
2031-02-24,142,28,0,718,0,2,0,639
2031-02-25,116,17,1,186,1,2,0,539
2031-02-26,103,13,0,678,2,2,0,619
2031-02-27,187,24,1,161,3,2,0,370
2031-02-28,91,14,1,486,4,2,0,637
2031-03-01,113,5,1,245,5,3,1,550
2031-03-02,175,23,0,252,6,3,1,405
2031-03-03,70,9,0,718,0,3,0,700
2031-03-04,84,28,1,759,1,3,0,851
2031-03-05,79,14,0,797,2,3,0,740
2031-03-06,106,28,1,448,3,3,0,705
2031-03-07,96,3,1,953,4,3,0,796
2031-03-08,68,17,1,277,5,3,1,698
2031-03-09,163,17,0,988,6,3,1,703
2031-03-10,57,24,0,946,0,3,0,947
2031-03-11,75,16,1,586,1,3,0,791
2031-03-12,162,11,0,877,2,3,0,618
2031-03-13,120,6,0,760,3,3,0,637
2031-03-14,79,15,0,346,4,3,0,542
2031-03-15,184,10,0,353,5,3,1,354
2031-03-16,116,13,1,599,6,3,1,685
2031-03-17,114,2,0,640,0,3,0,528
2031-03-18,85,18,1,451,1,3,0,698
2031-03-19,74,17,1,611,2,3,0,770
2031-03-20,86,29,0,877,3,3,0,841
2031-03-21,50,9,1,112,4,3,0,613
2031-03-22,192,5,1,658,5,3,1,505
2031-03-23,86,12,0,250,6,3,1,519
2031-03-24,190,9,1,149,0,3,0,326
2031-03-25,185,17,1,314,1,3,0,406
2031-03-26,182,25,0,743,2,3,0,545
2031-03-27,177,30,0,471,3,3,0,521
2031-03-28,176,19,0,212,4,3,0,364
2031-03-29,50,25,0,351,5,3,1,657
2031-03-30,84,15,0,440,6,3,1,637
2031-03-31,153,24,1,152,0,3,0,441
2031-04-01,72,24,1,229,1,4,0,664
2031-04-02,58,5,0,935,2,4,0,789
2031-04-03,83,12,0,292,3,4,0,542
2031-04-04,177,3,1,690,4,4,0,540
2031-04-05,53,22,0,156,5,4,1,575
2031-04-06,151,13,0,196,6,4,1,345
2031-04-07,124,0,1,297,0,4,0,484
2031-04-08,148,27,1,746,1,4,0,727
2031-04-09,121,19,1,246,2,4,0,548
2031-04-10,52,4,0,783,3,4,0,767
2031-04-11,191,7,1,674,4,4,0,544
2031-04-12,83,11,0,676,5,4,1,746
2031-04-13,94,1,1,394,6,4,1,583
2031-04-14,110,11,0,822,0,4,0,651
2031-04-15,132,4,0,720,1,4,0,558
2031-04-16,172,21,0,893,2,4,0,681
2031-04-17,151,4,1,783,3,4,0,616
2031-04-18,65,30,1,111,4,4,0,674
2031-04-19,115,12,1,432,5,4,1,681
2031-04-20,194,8,0,319,6,4,1,320
2031-04-21,168,9,1,497,0,4,0,547
2031-04-22,173,0,1,441,1,4,0,498
2031-04-23,193,29,0,897,2,4,0,635
2031-04-24,151,2,0,611,3,4,0,475
2031-04-25,115,29,1,271,4,4,0,654
2031-04-26,62,17,1,567,5,4,1,799
2031-04-27,160,11,1,847,6,4,1,668
2031-04-28,83,28,0,265,0,4,0,593
2031-04-29,88,2,1,798,1,4,0,743
2031-04-30,185,25,0,269,2,4,0,403
2031-05-01,169,24,0,663,3,5,0,562
2031-05-02,175,28,1,611,4,5,0,670
2031-05-03,104,29,1,930,5,5,1,908
2031-05-04,76,8,0,288,6,5,1,568
2031-05-05,167,25,0,219,0,5,0,315
2031-05-06,102,1,1,204,1,5,0,454
2031-05-07,88,29,1,773,2,5,0,902
2031-05-08,114,2,1,906,3,5,0,734
2031-05-09,194,13,0,140,4,5,0,226
2031-05-10,62,3,0,988,5,5,1,824
2031-05-11,70,24,1,975,6,5,1,1048
2031-05-12,196,18,0,776,0,5,0,456
2031-05-13,102,12,0,420,1,5,0,566
2031-05-14,68,6,1,985,2,5,0,932
2031-05-15,106,11,0,434,3,5,0,506
2031-05-16,74,2,1,259,4,5,0,550
2031-05-17,80,22,1,363,5,5,1,727
2031-05-18,130,22,0,964,6,5,1,749
2031-05-19,72,8,0,629,0,5,0,663
2031-05-20,81,1,1,784,1,5,0,776
2031-05-21,123,28,0,576,2,5,0,583
2031-05-22,59,21,1,451,3,5,0,745
2031-05-23,103,8,0,644,4,5,0,561
2031-05-24,101,11,0,872,5,5,1,743
2031-05-25,197,30,0,309,6,5,1,441
2031-05-26,163,11,1,595,0,5,0,540
2031-05-27,63,14,0,994,1,5,0,873
2031-05-28,159,1,1,941,2,5,0,641
2031-05-29,102,17,1,481,3,5,0,700
2031-05-30,128,12,1,775,4,5,0,710
2031-05-31,71,13,0,580,5,5,1,677
2031-06-01,79,4,1,104,6,6,1,568
2031-06-02,53,25,1,133,0,6,0,726
2031-06-03,108,9,0,891,1,6,0,627
2031-06-04,57,11,1,244,2,6,0,657
2031-06-05,61,9,1,450,3,6,0,708
2031-06-06,168,23,0,682,4,6,0,572
2031-06-07,83,10,1,564,5,6,1,696
2031-06-08,131,30,0,447,6,6,1,564
2031-06-09,147,24,1,841,0,6,0,742
2031-06-10,176,1,1,224,1,6,0,349
2031-06-11,124,4,0,889,2,6,0,606
2031-06-12,154,29,1,370,3,6,0,575
2031-06-13,98,6,1,456,4,6,0,641
2031-06-14,128,30,1,626,5,6,1,836
2031-06-15,142,5,0,853,6,6,1,635
2031-06-16,67,21,0,597,0,6,0,736
2031-06-17,145,22,0,252,1,6,0,415
2031-06-18,87,2,0,152,2,6,0,370
2031-06-19,136,12,0,248,3,6,0,377
2031-06-20,137,2,1,602,4,6,0,575
2031-06-21,99,25,0,969,5,6,1,810
2031-06-22,57,24,0,549,6,6,1,780
2031-06-23,183,29,0,318,0,6,0,452
2031-06-24,118,23,1,724,1,6,0,772
2031-06-25,170,20,1,899,2,6,0,752
2031-06-26,113,5,0,376,3,6,0,486
2031-06-27,188,10,1,551,4,6,0,463
2031-06-28,170,27,1,527,5,6,1,584
2031-06-29,114,25,1,182,6,6,1,585
2031-06-30,156,16,1,317,0,6,0,498
2031-07-01,196,9,0,837,1,7,0,447
2031-07-02,186,11,0,881,2,7,0,573
2031-07-03,149,16,1,626,3,7,0,686
2031-07-04,131,3,1,503,4,7,0,555
2031-07-05,192,1,1,389,5,7,1,372
2031-07-06,100,10,1,519,6,7,1,697
2031-07-07,190,6,0,438,0,7,0,291
2031-07-08,132,1,1,876,1,7,0,721
2031-07-09,161,25,0,810,2,7,0,615
2031-07-10,105,17,1,769,3,7,0,799
2031-07-11,194,20,0,944,4,7,0,612
2031-07-12,109,3,1,518,5,7,1,645
2031-07-13,169,7,0,306,6,7,1,398
2031-07-14,187,19,0,785,0,7,0,535
2031-07-15,72,13,0,795,1,7,0,719
2031-07-16,198,11,1,364,2,7,0,337
2031-07-17,62,21,0,857,3,7,0,750
2031-07-18,150,20,1,135,4,7,0,469
2031-07-19,73,26,0,472,5,7,1,692
2031-07-20,157,29,0,587,6,7,1,566
2031-07-21,60,17,1,358,0,7,0,670
2031-07-22,66,10,0,630,1,7,0,687
2031-07-23,74,30,1,122,2,7,0,616
2031-07-24,143,28,1,203,3,7,0,579
2031-07-25,70,27,1,340,4,7,0,797
2031-07-26,133,29,1,972,5,7,1,866
2031-07-27,189,7,0,815,6,7,1,528
2031-07-28,86,1,0,352,0,7,0,482
2031-07-29,91,24,1,241,1,7,0,600
2031-07-30,194,14,0,913,2,7,0,513
2031-07-31,150,8,0,754,3,7,0,533
2031-08-01,97,18,1,550,4,8,0,673
2031-08-02,152,19,0,882,5,8,1,698
2031-08-03,77,7,1,406,6,8,1,657
2031-08-04,90,24,0,599,0,8,0,637
2031-08-05,148,18,0,721,1,8,0,571
2031-08-06,96,4,1,107,2,8,0,476
2031-08-07,195,10,0,168,3,8,0,197
2031-08-08,154,14,0,801,4,8,0,514
2031-08-09,173,7,1,790,5,8,1,630
2031-08-10,62,18,0,674,6,8,1,720
2031-08-11,190,22,1,167,0,8,0,364
2031-08-12,149,26,0,817,1,8,0,664
2031-08-13,80,7,1,507,2,8,0,652
2031-08-14,179,25,1,617,3,8,0,601
2031-08-15,65,26,1,218,4,8,0,722
2031-08-16,186,29,1,924,5,8,1,753
2031-08-17,122,18,1,130,6,8,1,580
2031-08-18,103,17,0,617,0,8,0,639
2031-08-19,149,9,0,582,1,8,0,443
2031-08-20,158,28,1,306,2,8,0,523
2031-08-21,136,6,0,768,3,8,0,519
2031-08-22,186,27,1,678,4,8,0,645
2031-08-23,57,8,0,486,5,8,1,681
2031-08-24,56,0,0,511,6,8,1,603
2031-08-25,85,18,1,941,0,8,0,832
2031-08-26,67,4,1,469,1,8,0,676
2031-08-27,52,18,0,452,2,8,0,632
2031-08-28,77,0,0,435,3,8,0,490
2031-08-29,119,14,1,990,4,8,0,829
2031-08-30,198,15,0,388,5,8,1,392
2031-08-31,77,22,0,239,6,8,1,595
2031-09-01,103,6,1,399,0,9,0,586
2031-09-02,114,25,0,112,1,9,0,427
2031-09-03,149,11,1,763,2,9,0,613
2031-09-04,70,7,1,527,3,9,0,706
2031-09-05,62,4,1,924,4,9,0,877
2031-09-06,106,9,0,963,5,9,1,720
2031-09-07,98,27,0,499,6,9,1,648
2031-09-08,167,20,1,208,0,9,0,473
2031-09-09,103,4,1,584,1,9,0,626
2031-09-10,187,16,0,987,2,9,0,583
2031-09-11,102,25,0,455,3,9,0,590
2031-09-12,93,4,0,248,4,9,0,443
2031-09-13,96,21,1,978,5,9,1,933
2031-09-14,102,14,1,815,6,9,1,819
2031-09-15,123,12,0,406,0,9,0,512
2031-09-16,95,27,0,632,1,9,0,676
2031-09-17,62,0,0,159,2,9,0,401
2031-09-18,151,10,1,534,3,9,0,582
2031-09-19,73,22,1,120,4,9,0,609
2031-09-20,51,0,0,974,5,9,1,790
2031-09-21,130,10,0,481,6,9,1,492
2031-09-22,149,17,1,344,0,9,0,476
2031-09-23,191,17,1,172,1,9,0,369
2031-09-24,187,20,0,548,2,9,0,391
2031-09-25,180,29,0,175,3,9,0,365
2031-09-26,160,25,0,797,4,9,0,598
2031-09-27,151,15,1,689,5,9,1,627
2031-09-28,66,12,0,489,6,9,1,677
2031-09-29,61,6,1,676,0,9,0,836
2031-09-30,165,0,1,441,1,9,0,450
2031-10-01,73,25,0,389,2,10,0,617
2031-10-02,78,15,0,667,3,10,0,648
2031-10-03,171,0,1,430,4,10,0,429
2031-10-04,139,16,0,358,5,10,1,486
2031-10-05,114,5,1,525,6,10,1,629
2031-10-06,133,1,0,801,0,10,0,578
2031-10-07,168,16,0,105,1,10,0,323
2031-10-08,65,5,0,105,2,10,0,391
2031-10-09,153,13,0,290,3,10,0,375
2031-10-10,141,17,1,247,4,10,0,436
2031-10-11,76,5,1,504,5,10,1,672
2031-10-12,183,9,1,357,6,10,1,465
2031-10-13,184,23,0,829,0,10,0,569
2031-10-14,82,17,1,578,1,10,0,695
2031-10-15,104,26,1,189,2,10,0,620
2031-10-16,56,8,1,923,3,10,0,872
2031-10-17,106,7,0,963,4,10,0,725
2031-10-18,175,27,1,109,5,10,1,465
2031-10-19,61,9,0,186,6,10,1,494
2031-10-20,65,16,0,861,0,10,0,812
2031-10-21,92,22,1,937,1,10,0,902
2031-10-22,166,29,0,250,2,10,0,410
2031-10-23,184,28,1,724,3,10,0,639
2031-10-24,160,25,1,129,4,10,0,415
2031-10-25,100,5,1,227,5,10,1,525
2031-10-26,124,13,1,177,6,10,1,496
2031-10-27,57,21,1,520,0,10,0,816
2031-10-28,94,21,0,154,1,10,0,420
2031-10-29,108,5,1,579,2,10,0,676
2031-10-30,181,25,0,404,3,10,0,462
2031-10-31,153,6,1,645,4,10,0,554
2031-11-01,147,11,1,204,5,11,1,510
2031-11-02,128,2,1,271,6,11,1,457
2031-11-03,173,13,0,598,0,11,0,487
2031-11-04,53,21,0,121,1,11,0,518
2031-11-05,139,18,0,386,2,11,0,492
2031-11-06,153,22,0,490,3,11,0,452
2031-11-07,186,15,1,716,4,11,0,617
2031-11-08,168,6,1,248,5,11,1,457
2031-11-09,182,7,0,371,6,11,1,300
2031-11-10,105,17,0,887,0,11,0,778
2031-11-11,145,24,0,398,1,11,0,515
2031-11-12,124,12,1,271,2,11,0,455
2031-11-13,192,20,0,146,3,11,0,255
2031-11-14,81,8,0,725,4,11,0,694
2031-11-15,77,9,1,886,5,11,1,892
2031-11-16,71,20,0,915,6,11,1,852
2031-11-17,66,22,1,306,0,11,0,723
2031-11-18,108,26,1,552,1,11,0,704
2031-11-19,139,8,1,494,2,11,0,556
2031-11-20,155,14,1,853,3,11,0,671
2031-11-21,75,19,1,400,4,11,0,704
2031-11-22,74,1,0,807,5,11,1,735
2031-11-23,187,24,0,775,6,11,1,604
2031-11-24,94,12,1,275,0,11,0,584
2031-11-25,132,1,1,954,1,11,0,747
2031-11-26,60,18,0,882,2,11,0,850
2031-11-27,153,25,0,209,3,11,0,452
2031-11-28,117,1,1,783,4,11,0,714
2031-11-29,144,2,0,963,5,11,1,652
2031-11-30,114,5,0,301,6,11,1,470
2031-12-01,98,2,1,267,0,12,0,528
2031-12-02,101,30,0,713,1,12,0,725
2031-12-03,151,9,0,185,2,12,0,343
2031-12-04,106,23,0,753,3,12,0,727
2031-12-05,96,26,0,948,4,12,0,826
2031-12-06,75,5,1,824,5,12,1,829
2031-12-07,163,22,0,150,6,12,1,366
2031-12-08,54,15,1,211,0,12,0,639
2031-12-09,133,16,0,562,1,12,0,576
2031-12-10,101,18,1,541,2,12,0,740
2031-12-11,154,2,1,370,3,12,0,484
2031-12-12,103,17,0,676,4,12,0,618
2031-12-13,64,6,1,443,5,12,1,698
2031-12-14,110,8,1,282,6,12,1,555
2031-12-15,171,19,1,602,0,12,0,576
2031-12-16,70,11,1,943,1,12,0,948
2031-12-17,95,4,1,109,2,12,0,486
2031-12-18,183,2,0,593,3,12,0,391
2031-12-19,87,10,1,333,4,12,0,595
2031-12-20,111,24,1,397,5,12,1,713
2031-12-21,135,29,0,343,6,12,1,608
2031-12-22,127,3,0,608,0,12,0,507
2031-12-23,95,4,1,450,1,12,0,603
2031-12-24,190,0,0,366,2,12,0,264
2031-12-25,52,26,0,729,3,12,0,808
2031-12-26,55,27,0,755,4,12,0,827
2031-12-27,142,30,0,992,5,12,1,774
2031-12-28,57,28,0,300,6,12,1,649
2031-12-29,157,17,0,338,0,12,0,406
2031-12-30,124,11,1,433,1,12,0,583
2031-12-31,126,12,1,514,2,12,0,605
2032-01-01,99,8,0,583,3,1,0,624
2032-01-02,60,1,0,536,4,1,0,617
2032-01-03,144,4,1,345,5,1,1,527
2032-01-04,119,12,0,957,6,1,1,763
2032-01-05,65,15,1,107,0,1,0,596
2032-01-06,117,15,0,251,1,1,0,453
2032-01-07,148,23,1,491,2,1,0,595
2032-01-08,97,2,1,310,3,1,0,565
2032-01-09,113,21,0,466,4,1,0,560
2032-01-10,139,3,0,769,5,1,1,560
2032-01-11,125,10,0,669,6,1,1,642
2032-01-12,188,22,0,185,0,1,0,273
2032-01-13,150,25,1,154,1,1,0,543
2032-01-14,138,13,0,812,2,1,0,668
2032-01-15,67,28,1,733,3,1,0,898
2032-01-16,68,2,0,545,4,1,0,651
2032-01-17,104,15,1,719,5,1,1,763
2032-01-18,151,21,0,403,6,1,1,529
2032-01-19,167,14,0,231,0,1,0,334
2032-01-20,183,27,1,520,1,1,0,528
2032-01-21,53,30,0,484,2,1,0,724
2032-01-22,157,9,0,297,3,1,0,350
2032-01-23,164,8,0,146,4,1,0,299
2032-01-24,78,10,0,839,5,1,1,750
2032-01-25,108,15,0,856,6,1,1,728
2032-01-26,174,9,1,302,0,1,0,439
2032-01-27,147,16,0,360,1,1,0,450
2032-01-28,66,18,1,789,2,1,0,876
2032-01-29,156,1,0,123,3,1,0,238
2032-01-30,92,23,0,786,4,1,0,779
2032-01-31,129,22,1,885,5,1,1,832
2032-02-01,57,1,1,439,6,2,1,670
2032-02-02,190,5,1,511,0,2,0,446
2032-02-03,155,30,1,360,1,2,0,609
2032-02-04,57,18,1,385,2,2,0,734
2032-02-05,145,7,0,612,3,2,0,483
2032-02-06,143,25,1,185,4,2,0,484
2032-02-07,114,28,1,949,5,2,1,926
2032-02-08,88,2,0,529,6,2,1,591
2032-02-09,130,25,0,680,0,2,0,615
2032-02-10,133,13,1,130,1,2,0,454
2032-02-11,137,24,1,809,2,2,0,745
2032-02-12,135,15,1,702,3,2,0,691
2032-02-13,142,0,0,539,4,2,0,492
2032-02-14,135,20,1,448,5,2,1,653
2032-02-15,93,2,0,994,6,2,1,713
2032-02-16,186,21,0,511,0,2,0,456
2032-02-17,123,25,0,627,1,2,0,678
2032-02-18,85,17,0,409,2,2,0,546
2032-02-19,150,8,1,495,3,2,0,515
2032-02-20,153,5,0,887,4,2,0,590
2032-02-21,115,22,0,437,5,2,1,591
2032-02-22,104,20,1,773,6,2,1,876
2032-02-23,140,24,0,536,0,2,0,558
2032-02-24,71,0,1,803,1,2,0,813
2032-02-25,150,20,0,762,2,2,0,659
2032-02-26,170,26,1,464,3,2,0,558
2032-02-27,142,9,0,212,4,2,0,377
2032-02-28,157,26,0,884,5,2,1,696
2032-02-29,190,5,1,275,6,2,1,327
2032-03-01,59,22,0,248,0,3,0,615
2032-03-02,58,11,0,277,1,3,0,578
2032-03-03,83,3,1,481,2,3,0,605
2032-03-04,178,27,0,322,3,3,0,404
2032-03-05,138,12,0,358,4,3,0,419
2032-03-06,142,16,1,884,5,3,1,814
2032-03-07,120,30,1,288,6,3,1,619
2032-03-08,116,26,1,405,0,3,0,673
2032-03-09,197,7,1,477,1,3,0,372
2032-03-10,166,25,1,701,2,3,0,695
2032-03-11,143,19,0,442,3,3,0,500
2032-03-12,148,2,1,873,4,3,0,658
2032-03-13,162,11,0,255,5,3,1,416
2032-03-14,152,6,1,811,6,3,1,612
2032-03-15,140,11,0,154,0,3,0,346
2032-03-16,139,1,0,865,1,3,0,619
2032-03-17,66,23,1,541,2,3,0,813
2032-03-18,67,13,0,784,3,3,0,796
2032-03-19,165,21,0,299,4,3,0,391
2032-03-20,142,22,1,502,5,3,1,662
2032-03-21,140,29,1,713,6,3,1,827
2032-03-22,131,4,1,896,0,3,0,753
2032-03-23,117,8,1,762,1,3,0,793
2032-03-24,163,20,0,722,2,3,0,576
2032-03-25,50,10,0,877,3,3,0,817
2032-03-26,107,4,0,702,4,3,0,583
2032-03-27,158,2,0,276,5,3,1,338
2032-03-28,197,26,0,548,6,3,1,528
2032-03-29,165,16,0,842,0,3,0,597
2032-03-30,136,1,1,640,1,3,0,575
2032-03-31,59,23,0,400,2,3,0,656
2032-04-01,108,30,0,806,3,4,0,762
2032-04-02,90,0,0,406,4,4,0,469
2032-04-03,154,6,1,850,5,4,1,687
2032-04-04,182,29,1,968,6,4,1,777
2032-04-05,171,13,1,995,0,4,0,717
2032-04-06,194,4,1,366,1,4,0,422
2032-04-07,71,18,0,313,2,4,0,583
2032-04-08,147,27,0,693,3,4,0,701
2032-04-09,117,27,0,739,4,4,0,682
2032-04-10,188,30,1,582,5,4,1,660
2032-04-11,105,10,0,361,6,4,1,530
2032-04-12,198,22,0,166,0,4,0,309
2032-04-13,148,24,0,673,1,4,0,584
2032-04-14,125,1,1,232,2,4,0,445
2032-04-15,75,7,1,748,3,4,0,805
2032-04-16,164,8,1,639,4,4,0,561
2032-04-17,196,26,0,611,5,4,1,468
2032-04-18,158,2,0,310,6,4,1,396
2032-04-19,96,1,0,816,0,4,0,675
2032-04-20,120,6,0,352,1,4,0,427
2032-04-21,89,4,1,137,2,4,0,512
2032-04-22,182,20,0,142,3,4,0,332
2032-04-23,198,25,1,728,4,4,0,669
2032-04-24,181,4,0,504,5,4,1,401
2032-04-25,72,19,1,801,6,4,1,892
2032-04-26,155,12,0,145,0,4,0,361
2032-04-27,133,20,0,553,1,4,0,567
2032-04-28,192,28,1,777,2,4,0,671
2032-04-29,165,19,1,404,3,4,0,543
2032-04-30,158,30,0,814,4,4,0,703
2032-05-01,185,28,0,332,5,5,1,437
2032-05-02,90,5,0,344,6,5,1,547
2032-05-03,161,19,1,820,0,5,0,700
2032-05-04,196,17,0,859,1,5,0,560
2032-05-05,161,24,1,394,2,5,0,532
2032-05-06,152,1,0,938,3,5,0,613
2032-05-07,95,24,0,482,4,5,0,608
2032-05-08,117,25,0,257,5,5,1,543
2032-05-09,171,5,0,504,6,5,1,375
2032-05-10,64,8,1,100,0,5,0,558
2032-05-11,178,24,1,316,1,5,0,501
2032-05-12,160,2,0,606,2,5,0,417
2032-05-13,73,0,0,860,3,5,0,700
2032-05-14,76,0,0,680,4,5,0,633
2032-05-15,89,18,1,129,5,5,1,615
2032-05-16,73,4,0,726,6,5,1,702
2032-05-17,73,12,1,619,0,5,0,807
2032-05-18,53,18,1,980,1,5,0,1016
2032-05-19,116,11,1,374,2,5,0,577
2032-05-20,83,15,1,591,3,5,0,710
2032-05-21,165,24,0,926,4,5,0,651
2032-05-22,72,24,0,946,5,5,1,823
2032-05-23,158,18,1,135,6,5,1,458
2032-05-24,118,2,0,410,0,5,0,485
2032-05-25,144,11,0,143,1,5,0,353
2032-05-26,111,29,0,254,2,5,0,532
2032-05-27,106,4,1,176,3,5,0,462
2032-05-28,103,1,0,689,4,5,0,583
2032-05-29,119,21,0,712,5,5,1,751
2032-05-30,150,6,0,537,6,5,1,524
2032-05-31,106,12,0,531,0,5,0,561
2032-06-01,187,24,0,641,1,6,0,458
2032-06-02,184,14,0,138,2,6,0,323
2032-06-03,152,21,0,338,3,6,0,414
2032-06-04,134,2,0,112,4,6,0,303
2032-06-05,110,27,0,221,5,6,1,487
2032-06-06,52,20,0,243,6,6,1,614
2032-06-07,177,19,1,783,0,6,0,607
2032-06-08,135,30,0,554,1,6,0,567
2032-06-09,96,4,1,467,2,6,0,587
2032-06-10,125,23,0,858,3,6,0,723
2032-06-11,87,7,1,346,4,6,0,597
2032-06-12,190,21,1,144,5,6,1,494
2032-06-13,136,0,0,864,6,6,1,638
2032-06-14,107,7,1,474,0,6,0,645
2032-06-15,99,23,1,390,1,6,0,688
2032-06-16,79,17,1,306,2,6,0,658
2032-06-17,150,19,0,618,3,6,0,578
2032-06-18,74,27,1,341,4,6,0,652
2032-06-19,161,15,1,721,5,6,1,653
2032-06-20,175,17,0,213,6,6,1,309
2032-06-21,172,19,1,918,0,6,0,662
2032-06-22,96,11,1,401,1,6,0,600
2032-06-23,167,12,1,375,2,6,0,442
2032-06-24,88,12,0,195,3,6,0,498
2032-06-25,65,9,1,393,4,6,0,675
2032-06-26,71,6,0,800,5,6,1,678
2032-06-27,103,24,1,459,6,6,1,737
2032-06-28,198,13,1,387,0,6,0,393
2032-06-29,65,29,1,253,1,6,0,718
2032-06-30,108,23,1,669,2,6,0,778
2032-07-01,80,15,0,522,3,7,0,596
2032-07-02,81,14,1,949,4,7,0,889
2032-07-03,58,11,0,149,5,7,1,536
2032-07-04,188,8,1,306,6,7,1,406
2032-07-05,59,7,0,663,0,7,0,656
2032-07-06,66,17,1,953,1,7,0,929
2032-07-07,117,22,1,982,2,7,0,860
2032-07-08,97,17,0,761,3,7,0,700
2032-07-09,160,12,0,664,4,7,0,493
2032-07-10,172,27,0,312,5,7,1,405
2032-07-11,198,26,0,165,6,7,1,320
2032-07-12,150,17,1,331,0,7,0,522
2032-07-13,151,14,0,984,1,7,0,662
2032-07-14,114,3,0,910,2,7,0,643
2032-07-15,100,16,0,949,3,7,0,740
2032-07-16,85,30,1,762,4,7,0,864
2032-07-17,130,4,1,816,5,7,1,698
2032-07-18,176,21,1,419,6,7,1,578
2032-07-19,137,15,1,866,0,7,0,714
2032-07-20,153,8,0,236,1,7,0,326
2032-07-21,64,9,1,980,2,7,0,866
2032-07-22,145,23,0,746,3,7,0,641
2032-07-23,172,17,1,665,4,7,0,586
2032-07-24,50,16,0,164,5,7,1,546
2032-07-25,200,17,0,613,6,7,1,462
2032-07-26,171,6,0,231,0,7,0,202
2032-07-27,175,3,0,433,1,7,0,294
2032-07-28,106,25,0,131,2,7,0,471
2032-07-29,130,4,1,967,3,7,0,772
2032-07-30,122,27,0,997,4,7,0,798
2032-07-31,190,22,0,971,5,7,1,648
2032-08-01,119,15,0,597,6,8,1,669
2032-08-02,55,2,0,342,0,8,0,543
2032-08-03,133,25,1,291,1,8,0,535
2032-08-04,101,17,1,241,2,8,0,601
2032-08-05,52,28,0,759,3,8,0,812
2032-08-06,130,22,0,700,4,8,0,600
2032-08-07,112,20,0,660,5,8,1,620
2032-08-08,98,13,0,747,6,8,1,677
2032-08-09,125,14,1,290,0,8,0,490
2032-08-10,161,16,1,248,1,8,0,465
2032-08-11,158,0,0,698,2,8,0,451
2032-08-12,114,24,0,515,3,8,0,549
2032-08-13,130,20,0,619,4,8,0,577
2032-08-14,64,16,0,834,5,8,1,837
2032-08-15,149,22,0,968,6,8,1,769
2032-08-16,81,24,1,115,0,8,0,542
2032-08-17,145,10,1,907,1,8,0,691
2032-08-18,177,16,0,205,2,8,0,261
2032-08-19,195,25,1,382,3,8,0,490
2032-08-20,162,13,1,203,4,8,0,371
2032-08-21,132,28,1,460,5,8,1,713
2032-08-22,92,19,0,757,6,8,1,771
2032-08-23,165,29,1,134,0,8,0,484
2032-08-24,127,18,1,212,1,8,0,491
2032-08-25,107,20,0,407,2,8,0,521
2032-08-26,82,6,1,152,3,8,0,504
2032-08-27,63,23,0,958,4,8,0,897
2032-08-28,181,12,1,180,5,8,1,340
2032-08-29,108,17,0,715,6,8,1,688
2032-08-30,132,22,0,933,0,8,0,683
2032-08-31,183,29,1,468,1,8,0,545
2032-09-01,170,13,1,341,2,9,0,473
2032-09-02,132,0,0,130,3,9,0,233
2032-09-03,76,6,0,928,4,9,0,731
2032-09-04,129,7,1,803,5,9,1,714
2032-09-05,183,17,1,968,6,9,1,725
2032-09-06,62,8,1,460,0,9,0,687
2032-09-07,113,0,1,332,1,9,0,513
2032-09-08,196,28,0,709,2,9,0,508
2032-09-09,129,21,0,133,3,9,0,401
2032-09-10,172,16,0,342,4,9,0,373
2032-09-11,92,18,1,158,5,9,1,598
2032-09-12,138,26,1,870,6,9,1,838
2032-09-13,197,5,0,628,0,9,0,381
2032-09-14,144,2,0,177,1,9,0,280
2032-09-15,200,23,0,817,2,9,0,494
2032-09-16,51,4,0,401,3,9,0,609
2032-09-17,169,1,0,777,4,9,0,519
2032-09-18,71,19,0,902,5,9,1,823
2032-09-19,164,24,1,996,6,9,1,824
2032-09-20,106,3,0,211,0,9,0,361
2032-09-21,121,9,0,512,1,9,0,476
2032-09-22,56,9,0,999,2,9,0,824
2032-09-23,168,23,0,416,3,9,0,520
2032-09-24,163,20,0,964,4,9,0,697
2032-09-25,65,10,0,244,5,9,1,581
2032-09-26,132,26,0,767,6,9,1,708
2032-09-27,121,15,1,789,0,9,0,711
2032-09-28,173,25,0,957,1,9,0,683
2032-09-29,162,28,1,747,2,9,0,620
2032-09-30,61,28,1,926,3,9,0,990
2032-10-01,175,29,1,117,4,10,0,466
2032-10-02,102,30,0,450,5,10,1,652
2032-10-03,124,16,0,254,6,10,1,505
2032-10-04,182,15,0,883,0,10,0,513
2032-10-05,76,6,0,605,1,10,0,659
2032-10-06,189,15,0,877,2,10,0,534
2032-10-07,194,2,0,459,3,10,0,340
2032-10-08,183,25,0,431,4,10,0,453
2032-10-09,146,15,0,627,5,10,1,601
2032-10-10,54,7,0,111,6,10,1,522
2032-10-11,106,29,0,174,0,10,0,515
2032-10-12,127,11,1,311,1,10,0,558
2032-10-13,118,2,0,790,2,10,0,583
2032-10-14,167,16,0,740,3,10,0,551
2032-10-15,169,20,0,382,4,10,0,406
2032-10-16,108,17,1,294,5,10,1,587
2032-10-17,82,10,0,879,6,10,1,775
2032-10-18,111,3,0,129,0,10,0,342
2032-10-19,99,15,1,108,1,10,0,549
2032-10-20,161,16,0,408,2,10,0,407
2032-10-21,68,8,1,544,3,10,0,690
2032-10-22,172,5,1,409,4,10,0,473
2032-10-23,96,23,1,776,5,10,1,857
2032-10-24,82,26,1,804,6,10,1,885
2032-10-25,190,19,0,525,0,10,0,458
2032-10-26,133,24,1,916,1,10,0,840
2032-10-27,184,1,1,871,2,10,0,632
2032-10-28,128,8,0,803,3,10,0,586
2032-10-29,63,27,0,690,4,10,0,762
2032-10-30,196,20,0,790,5,10,1,513
2032-10-31,177,28,1,190,6,10,1,466
2032-11-01,103,5,0,555,0,11,0,524
2032-11-02,197,2,1,543,1,11,0,449
2032-11-03,78,19,1,826,2,11,0,837
2032-11-04,73,5,0,178,3,11,0,425
2032-11-05,131,6,0,574,4,11,0,543
2032-11-06,112,0,0,202,5,11,1,294
2032-11-07,154,22,0,722,6,11,1,630
2032-11-08,106,0,0,555,0,11,0,466
2032-11-09,185,4,0,413,1,11,0,286
2032-11-10,111,5,1,346,2,11,0,579
2032-11-11,66,12,1,333,3,11,0,658
2032-11-12,115,1,0,693,4,11,0,627
2032-11-13,55,14,1,743,5,11,1,901
2032-11-14,107,14,1,334,6,11,1,590
2032-11-15,118,12,1,889,0,11,0,791
2032-11-16,111,25,1,486,1,11,0,726
2032-11-17,131,24,1,946,2,11,0,847
2032-11-18,120,13,1,710,3,11,0,698
2032-11-19,180,25,0,137,4,11,0,264
2032-11-20,59,21,0,260,5,11,1,606
2032-11-21,147,6,0,561,6,11,1,535
2032-11-22,138,13,1,548,0,11,0,579
2032-11-23,84,30,0,216,1,11,0,551
2032-11-24,51,25,0,340,2,11,0,684
2032-11-25,173,30,0,125,3,11,0,368
2032-11-26,73,23,1,747,4,11,0,824
2032-11-27,123,26,0,661,5,11,1,670
2032-11-28,71,30,1,905,6,11,1,1037
2032-11-29,88,28,0,397,0,11,0,619
2032-11-30,69,9,0,904,1,11,0,807
2032-12-01,90,16,0,253,2,12,0,546
2032-12-02,197,13,1,831,3,12,0,576
2032-12-03,157,7,1,751,4,12,0,613
2032-12-04,196,3,1,567,5,12,1,500
2032-12-05,133,25,1,148,6,12,1,502
2032-12-06,160,15,1,753,0,12,0,650
2032-12-07,115,23,0,145,1,12,0,459
2032-12-08,102,12,0,774,2,12,0,647
2032-12-09,83,30,1,384,3,12,0,755
2032-12-10,199,21,1,879,4,12,0,641
2032-12-11,116,26,0,727,5,12,1,700
2032-12-12,183,24,1,181,6,12,1,479
2032-12-13,76,26,0,143,0,12,0,576
2032-12-14,59,19,1,805,1,12,0,878
2032-12-15,122,17,0,869,2,12,0,652
2032-12-16,145,13,1,372,3,12,0,523
2032-12-17,97,17,1,493,4,12,0,702
2032-12-18,119,4,0,885,5,12,1,644
2032-12-19,149,25,0,889,6,12,1,762
2032-12-20,108,8,1,694,0,12,0,697
2032-12-21,51,27,1,157,1,12,0,674
2032-12-22,114,2,0,664,2,12,0,606
2032-12-23,132,7,1,100,3,12,0,449
2032-12-24,59,19,0,315,4,12,0,581
2032-12-25,102,21,0,416,5,12,1,629
2032-12-26,128,9,1,327,6,12,1,530
2032-12-27,108,21,0,572,0,12,0,641
2032-12-28,199,18,0,583,1,12,0,479
2032-12-29,97,29,1,865,2,12,0,861
2032-12-30,198,20,0,770,3,12,0,496
2032-12-31,172,27,0,386,4,12,0,430
2033-01-01,71,2,0,610,5,1,1,655
2033-01-02,149,10,0,677,6,1,1,572
2033-01-03,147,30,1,920,0,1,0,826
2033-01-04,74,10,0,557,1,1,0,579
2033-01-05,77,30,1,194,2,1,0,642
2033-01-06,162,16,0,592,3,1,0,471
2033-01-07,94,15,1,864,4,1,0,854
2033-01-08,117,6,0,249,5,1,1,389
2033-01-09,56,3,1,122,6,1,1,559
2033-01-10,98,29,0,855,0,1,0,762
2033-01-11,186,22,0,314,1,1,0,379
2033-01-12,132,18,0,498,2,1,0,564
2033-01-13,178,11,0,509,3,1,0,412
2033-01-14,187,14,1,230,4,1,0,453
2033-01-15,122,30,1,954,5,1,1,927
2033-01-16,95,10,0,247,6,1,1,491
2033-01-17,155,4,1,480,0,1,0,483
2033-01-18,81,4,0,208,1,1,0,452
2033-01-19,55,14,0,651,2,1,0,701
2033-01-20,194,28,1,220,3,1,0,416
2033-01-21,123,17,1,394,4,1,0,571
2033-01-22,163,10,1,219,5,1,1,440
2033-01-23,76,25,0,555,6,1,1,715
2033-01-24,103,11,0,629,0,1,0,685
2033-01-25,134,1,1,268,1,1,0,455
2033-01-26,176,19,0,809,2,1,0,577
2033-01-27,160,14,1,242,3,1,0,435
2033-01-28,64,19,1,136,4,1,0,718
2033-01-29,181,3,1,797,5,1,1,579
2033-01-30,142,21,1,360,6,1,1,586
2033-01-31,172,17,1,330,0,1,0,508
2033-02-01,122,5,1,353,1,2,0,537
2033-02-02,196,22,0,428,2,2,0,360
2033-02-03,141,26,0,396,3,2,0,516
2033-02-04,66,25,1,109,4,2,0,666
2033-02-05,92,18,1,545,5,2,1,778
2033-02-06,170,10,1,935,6,2,1,742
2033-02-07,90,27,0,329,0,2,0,661
2033-02-08,88,23,1,635,1,2,0,810
2033-02-09,162,1,1,177,2,2,0,384
2033-02-10,200,26,1,524,3,2,0,476
2033-02-11,160,7,0,292,4,2,0,396
2033-02-12,96,28,1,500,5,2,1,789
2033-02-13,112,10,0,208,6,2,1,422
2033-02-14,159,4,0,891,0,2,0,561
2033-02-15,118,17,1,362,1,2,0,622
2033-02-16,92,22,0,428,2,2,0,637
2033-02-17,83,29,0,462,3,2,0,670
2033-02-18,89,17,0,966,4,2,0,820
2033-02-19,110,13,1,477,5,2,1,667
2033-02-20,111,21,0,879,6,2,1,788
2033-02-21,107,9,1,440,0,2,0,622
2033-02-22,124,2,1,358,1,2,0,523
2033-02-23,65,8,1,434,2,2,0,683
2033-02-24,131,2,0,184,3,2,0,342
2033-02-25,143,10,1,621,4,2,0,596
2033-02-26,97,30,0,900,5,2,1,860
2033-02-27,187,11,0,913,6,2,1,566
2033-02-28,131,11,0,670,0,2,0,540
2033-03-01,87,2,0,407,1,3,0,488
2033-03-02,176,20,1,361,2,3,0,496
2033-03-03,68,6,1,997,3,3,0,887
2033-03-04,112,13,0,896,4,3,0,721
2033-03-05,126,23,1,730,5,3,1,797
2033-03-06,180,27,1,779,6,3,1,757
2033-03-07,151,10,1,964,0,3,0,741
2033-03-08,114,6,0,800,1,3,0,637
2033-03-09,169,24,1,551,2,3,0,668
2033-03-10,140,20,0,350,3,3,0,457
2033-03-11,57,9,1,423,4,3,0,702
2033-03-12,122,10,0,328,5,3,1,513
2033-03-13,183,14,0,801,6,3,1,536
2033-03-14,156,18,0,927,0,3,0,698
2033-03-15,138,15,1,735,1,3,0,696
2033-03-16,88,21,0,695,2,3,0,692
2033-03-17,162,20,1,396,3,3,0,572
2033-03-18,77,27,0,826,4,3,0,814
2033-03-19,146,19,1,336,5,3,1,632
2033-03-20,86,11,0,724,6,3,1,715
2033-03-21,186,17,1,316,0,3,0,452
2033-03-22,131,22,0,932,1,3,0,713
2033-03-23,105,12,0,345,2,3,0,494
2033-03-24,134,4,0,547,3,3,0,473
2033-03-25,51,3,1,946,4,3,0,941
2033-03-26,107,27,0,418,5,3,1,637
2033-03-27,156,13,0,531,6,3,1,527
2033-03-28,172,7,0,503,0,3,0,405
2033-03-29,163,8,0,985,1,3,0,606
2033-03-30,156,24,1,136,2,3,0,484
2033-03-31,86,18,0,675,3,3,0,746
2033-04-01,128,2,0,830,4,4,0,563
2033-04-02,141,4,1,441,5,4,1,566
2033-04-03,67,20,1,488,6,4,1,845
2033-04-04,147,25,1,133,0,4,0,468
2033-04-05,112,17,0,138,1,4,0,453
2033-04-06,199,0,1,678,2,4,0,510
2033-04-07,188,7,1,308,3,4,0,352
2033-04-08,53,18,1,929,4,4,0,998
2033-04-09,184,16,0,955,5,4,1,615
2033-04-10,110,16,0,251,6,4,1,510
2033-04-11,156,10,0,998,0,4,0,677
2033-04-12,103,30,1,464,1,4,0,774
2033-04-13,137,1,0,298,2,4,0,313
2033-04-14,117,5,1,700,3,4,0,733
2033-04-15,178,21,1,859,4,4,0,744
2033-04-16,104,13,1,934,5,4,1,901
2033-04-17,52,2,0,178,6,4,1,527
2033-04-18,170,11,1,576,0,4,0,541
2033-04-19,178,3,1,533,1,4,0,448
2033-04-20,151,11,0,896,2,4,0,571
2033-04-21,87,12,1,941,3,4,0,890
2033-04-22,134,1,1,131,4,4,0,430
2033-04-23,182,1,1,186,5,4,1,352
2033-04-24,141,14,0,650,6,4,1,573
2033-04-25,70,22,1,492,0,4,0,778
2033-04-26,158,28,0,712,1,4,0,598
2033-04-27,96,16,0,343,2,4,0,535
2033-04-28,133,6,1,331,3,4,0,484
2033-04-29,132,29,1,679,4,4,0,780
2033-04-30,84,27,1,291,5,4,1,759
2033-05-01,118,13,1,639,6,5,1,735
2033-05-02,178,11,0,369,0,5,0,349
2033-05-03,189,29,0,837,1,5,0,636
2033-05-04,76,16,1,176,2,5,0,604
2033-05-05,105,13,0,834,3,5,0,722
2033-05-06,72,5,1,983,4,5,0,860
2033-05-07,70,18,1,266,5,5,1,676
2033-05-08,110,23,1,383,6,5,1,654
2033-05-09,112,5,1,803,0,5,0,713
2033-05-10,171,26,0,188,1,5,0,398
2033-05-11,101,17,0,643,2,5,0,619
2033-05-12,137,23,1,748,3,5,0,676
2033-05-13,104,4,1,255,4,5,0,507
2033-05-14,95,23,0,349,5,5,1,564
2033-05-15,81,23,0,194,6,5,1,550
2033-05-16,104,5,0,116,0,5,0,432
2033-05-17,145,1,1,216,1,5,0,380
2033-05-18,182,7,0,432,2,5,0,368
2033-05-19,85,14,1,922,3,5,0,871
2033-05-20,159,14,1,621,4,5,0,617
2033-05-21,155,10,0,179,5,5,1,331
2033-05-22,107,21,1,745,6,5,1,859
2033-05-23,88,21,0,531,0,5,0,659
2033-05-24,129,23,1,302,1,5,0,596
2033-05-25,146,0,1,215,2,5,0,402
2033-05-26,162,17,1,319,3,5,0,531
2033-05-27,110,11,1,352,4,5,0,598
2033-05-28,186,11,1,268,5,5,1,436
2033-05-29,55,24,1,946,6,5,1,1043
2033-05-30,158,10,0,415,0,5,0,352
2033-05-31,84,27,0,816,1,5,0,804
2033-06-01,88,7,1,909,2,6,0,821
2033-06-02,199,27,0,471,3,6,0,460
2033-06-03,167,6,1,859,4,6,0,619
2033-06-04,54,22,0,976,5,6,1,928
2033-06-05,136,20,0,682,6,6,1,689
2033-06-06,125,1,1,255,0,6,0,456
2033-06-07,106,10,0,713,1,6,0,583
2033-06-08,176,21,1,112,2,6,0,463
2033-06-09,78,9,0,607,3,6,0,610
2033-06-10,136,2,1,564,4,6,0,532
2033-06-11,190,19,0,882,5,6,1,568
2033-06-12,95,28,1,903,6,6,1,963
2033-06-13,165,9,0,319,0,6,0,382
2033-06-14,161,27,1,114,1,6,0,511
2033-06-15,200,26,0,849,2,6,0,570
2033-06-16,94,17,1,216,3,6,0,554
2033-06-17,194,13,0,430,4,6,0,332
2033-06-18,153,17,1,155,5,6,1,472
2033-06-19,134,27,0,450,6,6,1,576
2033-06-20,183,23,1,231,0,6,0,481
2033-06-21,157,7,1,325,1,6,0,411
2033-06-22,67,9,1,407,2,6,0,640
2033-06-23,143,21,1,574,3,6,0,639
2033-06-24,199,12,0,321,4,6,0,301
2033-06-25,82,20,0,272,5,6,1,562
2033-06-26,175,7,0,439,6,6,1,375
2033-06-27,171,3,1,896,0,6,0,667
2033-06-28,187,26,1,605,1,6,0,612
2033-06-29,164,3,1,920,2,6,0,625
2033-06-30,77,4,1,256,3,6,0,553
2033-07-01,60,0,1,250,4,7,0,591
2033-07-02,96,16,0,796,5,7,1,694
2033-07-03,176,1,0,277,6,7,1,304
2033-07-04,196,29,0,632,0,7,0,490
2033-07-05,167,7,1,211,1,7,0,391
2033-07-06,192,6,1,782,2,7,0,557
2033-07-07,175,30,1,237,3,7,0,456
2033-07-08,121,14,1,332,4,7,0,537
2033-07-09,156,25,1,431,5,7,1,654
2033-07-10,186,24,1,641,6,7,1,701
2033-07-11,82,4,1,992,0,7,0,795
2033-07-12,68,1,0,406,1,7,0,558
2033-07-13,123,6,0,260,2,7,0,392
2033-07-14,147,30,1,501,3,7,0,714
2033-07-15,190,7,1,689,4,7,0,509
2033-07-16,178,27,1,377,5,7,1,582
2033-07-17,142,6,0,419,6,7,1,430
2033-07-18,97,29,0,632,0,7,0,737
2033-07-19,113,6,1,996,1,7,0,867
2033-07-20,110,27,0,596,2,7,0,655
2033-07-21,88,30,0,462,3,7,0,620
2033-07-22,177,13,0,471,4,7,0,437
2033-07-23,137,20,1,991,5,7,1,864
2033-07-24,75,17,0,754,6,7,1,773
2033-07-25,66,5,0,135,0,7,0,489
2033-07-26,120,3,1,402,1,7,0,497
2033-07-27,62,9,1,537,2,7,0,709
2033-07-28,118,17,0,825,3,7,0,692
2033-07-29,75,11,1,131,4,7,0,530
2033-07-30,98,15,0,285,5,7,1,509
2033-07-31,56,24,0,273,6,7,1,680
2033-08-01,107,6,1,665,0,8,0,686
2033-08-02,98,5,1,772,1,8,0,694
2033-08-03,152,27,0,349,2,8,0,474
2033-08-04,102,4,1,862,3,8,0,789
2033-08-05,111,2,1,378,4,8,0,536
2033-08-06,66,11,0,782,5,8,1,783
2033-08-07,74,30,0,794,6,8,1,825
2033-08-08,180,14,0,101,0,8,0,250
2033-08-09,78,9,0,293,1,8,0,450
2033-08-10,166,25,0,265,2,8,0,409
2033-08-11,75,19,0,858,3,8,0,790
2033-08-12,173,18,1,855,4,8,0,639
2033-08-13,193,15,1,209,5,8,1,440
2033-08-14,74,27,0,479,6,8,1,717
2033-08-15,103,10,1,934,0,8,0,788
2033-08-16,122,7,1,682,1,8,0,675
2033-08-17,169,2,0,775,2,8,0,444
2033-08-18,105,22,1,384,3,8,0,620
2033-08-19,114,6,1,986,4,8,0,758
2033-08-20,142,22,0,520,5,8,1,525
2033-08-21,135,28,1,212,6,8,1,589
2033-08-22,129,6,1,327,0,8,0,497
2033-08-23,157,13,0,570,1,8,0,493
2033-08-24,167,1,1,912,2,8,0,543
2033-08-25,132,9,1,627,3,8,0,611
2033-08-26,196,18,1,595,4,8,0,516
2033-08-27,64,25,0,130,5,8,1,572
2033-08-28,180,8,0,261,6,8,1,307
2033-08-29,188,15,1,917,0,8,0,664
2033-08-30,79,18,1,804,1,8,0,848
2033-08-31,106,17,0,821,2,8,0,679
2033-09-01,195,8,0,477,3,9,0,319
2033-09-02,177,15,1,545,4,9,0,527
2033-09-03,97,12,0,843,5,9,1,738
2033-09-04,185,9,1,526,6,9,1,508
2033-09-05,71,24,1,795,0,9,0,862
2033-09-06,55,19,0,603,1,9,0,691
2033-09-07,153,13,0,626,2,9,0,515
2033-09-08,85,11,1,916,3,9,0,864
2033-09-09,128,24,1,820,4,9,0,814
2033-09-10,165,18,0,783,5,9,1,578
2033-09-11,106,6,1,877,6,9,1,732
2033-09-12,98,22,0,631,0,9,0,668
2033-09-13,131,14,0,681,1,9,0,549
2033-09-14,115,15,0,619,2,9,0,579
2033-09-15,126,26,0,133,3,9,0,426
2033-09-16,94,7,0,835,4,9,0,688
2033-09-17,128,9,1,790,5,9,1,752
2033-09-18,69,30,0,857,6,9,1,910
2033-09-19,172,3,0,589,0,9,0,436
2033-09-20,116,18,0,871,1,9,0,700
2033-09-21,132,18,0,719,2,9,0,553
2033-09-22,52,30,0,853,3,9,0,859
2033-09-23,113,27,0,522,4,9,0,650
2033-09-24,89,20,0,567,5,9,1,673
2033-09-25,108,26,1,123,6,9,1,649
2033-09-26,111,14,1,315,0,9,0,553
2033-09-27,181,13,1,154,1,9,0,424
2033-09-28,109,0,1,125,2,9,0,422
2033-09-29,165,15,0,380,3,9,0,374
2033-09-30,124,9,1,903,4,9,0,727
2033-10-01,171,18,0,426,5,10,1,460
2033-10-02,156,29,1,285,6,10,1,526
2033-10-03,145,21,1,594,0,10,0,627
2033-10-04,140,2,0,111,1,10,0,264
2033-10-05,179,4,0,740,2,10,0,382
2033-10-06,111,8,1,983,3,10,0,800
2033-10-07,98,17,1,533,4,10,0,745
2033-10-08,186,10,1,307,5,10,1,435
2033-10-09,141,15,1,232,6,10,1,487
2033-10-10,173,1,0,438,0,10,0,311
2033-10-11,110,11,1,295,1,10,0,554
2033-10-12,97,21,1,361,2,10,0,631
2033-10-13,185,5,1,381,3,10,0,413
2033-10-14,107,10,1,468,4,10,0,598
2033-10-15,150,26,1,202,5,10,1,501
2033-10-16,161,7,0,731,6,10,1,562
2033-10-17,111,11,0,282,0,10,0,458
2033-10-18,88,28,0,522,1,10,0,607
2033-10-19,107,26,0,108,2,10,0,440
2033-10-20,148,29,0,656,3,10,0,634
2033-10-21,93,1,1,343,4,10,0,543
2033-10-22,78,8,0,881,5,10,1,740
2033-10-23,108,14,0,723,6,10,1,657
2033-10-24,120,1,1,666,0,10,0,626
2033-10-25,141,28,0,492,1,10,0,541
2033-10-26,58,0,0,626,2,10,0,623
2033-10-27,176,9,0,136,3,10,0,234
2033-10-28,183,1,0,277,4,10,0,212
2033-10-29,194,11,1,738,5,10,1,553
2033-10-30,193,22,1,728,6,10,1,604
2033-10-31,180,7,0,951,0,10,0,549
2033-11-01,70,4,1,171,1,11,0,561
2033-11-02,113,21,0,451,2,11,0,526
2033-11-03,139,27,1,722,3,11,0,696
2033-11-04,85,0,1,248,4,11,0,498
2033-11-05,111,14,1,796,5,11,1,833
2033-11-06,125,5,1,204,6,11,1,472
2033-11-07,62,11,1,758,0,11,0,823
2033-11-08,60,30,1,320,1,11,0,729
2033-11-09,103,7,1,925,2,11,0,811
2033-11-10,65,12,1,962,3,11,0,906
2033-11-11,57,18,1,473,4,11,0,738
2033-11-12,153,26,1,617,5,11,1,665
2033-11-13,108,0,1,359,6,11,1,564
2033-11-14,106,10,0,398,0,11,0,500
2033-11-15,89,19,1,960,1,11,0,859
2033-11-16,179,0,0,141,2,11,0,230
2033-11-17,143,29,1,870,3,11,0,783
2033-11-18,187,7,0,996,4,11,0,488
2033-11-19,93,4,0,591,5,11,1,641
2033-11-20,188,16,0,538,6,11,1,441
2033-11-21,129,29,1,882,0,11,0,848
2033-11-22,130,7,1,146,1,11,0,479
2033-11-23,51,24,1,184,2,11,0,657
2033-11-24,189,9,1,785,3,11,0,590
2033-11-25,164,1,0,157,4,11,0,270
2033-11-26,139,8,1,810,5,11,1,683
2033-11-27,72,23,1,308,6,11,1,763
2033-11-28,195,22,1,347,0,11,0,412
2033-11-29,111,2,1,310,1,11,0,504
2033-11-30,162,17,1,138,2,11,0,379
2033-12-01,177,6,1,351,3,12,0,437
2033-12-02,111,14,1,742,4,12,0,716
2033-12-03,87,20,1,902,5,12,1,898
2033-12-04,110,21,0,861,6,12,1,733
2033-12-05,178,19,0,512,0,12,0,408
2033-12-06,198,17,1,545,1,12,0,484
2033-12-07,171,24,1,151,2,12,0,437
2033-12-08,159,2,1,473,3,12,0,478
2033-12-09,62,27,1,625,4,12,0,855
2033-12-10,149,29,0,255,5,12,1,459
2033-12-11,184,22,0,641,6,12,1,518
2033-12-12,71,13,1,189,0,12,0,551
2033-12-13,123,23,0,778,1,12,0,659
2033-12-14,181,1,0,450,2,12,0,316
2033-12-15,72,13,1,168,3,12,0,597
2033-12-16,168,21,1,262,4,12,0,479
2033-12-17,119,10,1,341,5,12,1,542
2033-12-18,133,15,0,594,6,12,1,589
2033-12-19,150,7,0,482,0,12,0,431
2033-12-20,133,6,1,151,1,12,0,468
2033-12-21,77,10,1,753,2,12,0,752
2033-12-22,185,2,0,162,3,12,0,201
2033-12-23,50,16,0,608,4,12,0,754
2033-12-24,112,13,1,391,5,12,1,619
2033-12-25,71,5,0,190,6,12,1,462
2033-12-26,119,7,1,763,0,12,0,678
2033-12-27,174,21,1,523,1,12,0,590
2033-12-28,198,4,0,768,2,12,0,385
2033-12-29,145,26,0,920,3,12,0,698
2033-12-30,128,27,0,464,4,12,0,538
2033-12-31,54,7,1,249,5,12,1,633
2034-01-01,109,1,1,939,6,1,1,811
2034-01-02,169,14,1,370,0,1,0,473
2034-01-03,95,11,1,980,1,1,0,869
2034-01-04,183,30,1,680,2,1,0,624
2034-01-05,105,16,1,215,3,1,0,586
2034-01-06,159,0,0,803,4,1,0,515
2034-01-07,153,14,1,615,5,1,1,682
2034-01-08,126,13,1,686,6,1,1,710
2034-01-09,195,19,1,909,0,1,0,687
2034-01-10,51,21,1,340,1,1,0,768
2034-01-11,57,15,0,129,2,1,0,530
2034-01-12,124,28,1,242,3,1,0,645
2034-01-13,174,8,0,425,4,1,0,317
2034-01-14,87,0,0,794,5,1,1,684
2034-01-15,76,27,1,115,6,1,1,652
2034-01-16,69,16,1,210,0,1,0,617
2034-01-17,189,28,0,971,1,1,0,700
2034-01-18,92,12,0,812,2,1,0,687
2034-01-19,80,20,1,206,3,1,0,653
2034-01-20,140,25,0,478,4,1,0,510
2034-01-21,110,20,1,261,5,1,1,650
2034-01-22,158,4,1,382,6,1,1,491
2034-01-23,140,9,0,368,0,1,0,409
2034-01-24,144,5,1,583,1,1,0,529
2034-01-25,192,23,1,766,2,1,0,634
2034-01-26,193,18,1,172,3,1,0,357
2034-01-27,62,24,0,296,4,1,0,672
2034-01-28,162,12,0,342,5,1,1,409
2034-01-29,84,0,0,697,6,1,1,628
2034-01-30,198,19,1,898,0,1,0,644
2034-01-31,97,24,0,358,1,1,0,533
2034-02-01,84,14,0,897,2,2,0,815
2034-02-02,135,13,0,248,3,2,0,441
2034-02-03,163,7,1,966,4,2,0,702
2034-02-04,149,9,1,489,5,2,1,647
2034-02-05,148,8,0,515,6,2,1,488
2034-02-06,52,16,0,525,0,2,0,728
2034-02-07,134,8,0,801,1,2,0,618
2034-02-08,174,2,1,316,2,2,0,380
2034-02-09,187,10,0,966,3,2,0,577
2034-02-10,132,11,1,185,4,2,0,485
2034-02-11,74,9,1,315,5,2,1,623
2034-02-12,117,24,1,522,6,2,1,742
2034-02-13,110,16,0,419,0,2,0,570
2034-02-14,78,16,0,217,1,2,0,499
2034-02-15,176,24,1,981,2,2,0,763
2034-02-16,68,10,1,514,3,2,0,695
2034-02-17,123,29,1,698,4,2,0,772
2034-02-18,110,21,1,139,5,2,1,567
2034-02-19,69,3,0,260,6,2,1,567
2034-02-20,97,6,0,802,0,2,0,656
2034-02-21,136,20,1,636,1,2,0,675
2034-02-22,188,25,1,519,2,2,0,562
2034-02-23,159,13,1,763,3,2,0,610
2034-02-24,77,6,0,194,4,2,0,391
2034-02-25,108,23,1,541,5,2,1,713
2034-02-26,182,7,0,657,6,2,1,482
2034-02-27,100,0,1,749,0,2,0,708
2034-02-28,198,23,0,565,1,2,0,480
2034-03-01,61,21,0,387,2,3,0,602
2034-03-02,99,3,1,964,3,3,0,806
2034-03-03,181,28,0,775,4,3,0,550
2034-03-04,162,29,0,511,5,3,1,573
2034-03-05,63,11,0,499,6,3,1,627
2034-03-06,81,23,0,627,0,3,0,706
2034-03-07,188,2,1,117,1,3,0,297
2034-03-08,195,12,1,235,2,3,0,362
2034-03-09,104,19,1,563,3,3,0,654
2034-03-10,169,30,1,858,4,3,0,815
2034-03-11,124,5,1,347,5,3,1,541
2034-03-12,70,10,0,942,6,3,1,779
2034-03-13,182,22,0,809,0,3,0,602
2034-03-14,136,3,0,100,1,3,0,317
2034-03-15,108,19,0,801,2,3,0,700
2034-03-16,138,15,1,480,3,3,0,647
2034-03-17,199,6,1,608,4,3,0,463
2034-03-18,132,21,0,559,5,3,1,610
2034-03-19,114,28,1,604,6,3,1,809
2034-03-20,113,10,0,905,0,3,0,741
2034-03-21,120,23,0,575,1,3,0,557
2034-03-22,53,0,1,656,2,3,0,835
2034-03-23,192,25,1,948,3,3,0,765
2034-03-24,153,28,1,996,4,3,0,856
2034-03-25,199,26,1,131,5,3,1,400
2034-03-26,142,6,1,217,6,3,1,446
2034-03-27,191,11,1,907,0,3,0,654
2034-03-28,197,6,1,283,1,3,0,374
2034-03-29,161,26,0,290,2,3,0,445
2034-03-30,168,22,1,846,3,3,0,727
2034-03-31,108,6,0,849,4,3,0,677
2034-04-01,92,9,0,827,5,4,1,665
2034-04-02,61,29,1,173,6,4,1,723
2034-04-03,89,15,0,722,0,4,0,653
2034-04-04,167,25,1,202,1,4,0,479
2034-04-05,69,7,0,970,2,4,0,833
2034-04-06,180,8,0,685,3,4,0,435
2034-04-07,139,8,0,519,4,4,0,457
2034-04-08,143,1,1,572,5,4,1,561
2034-04-09,62,12,0,863,6,4,1,798
2034-04-10,115,12,0,213,0,4,0,440
2034-04-11,86,22,0,478,1,4,0,661
2034-04-12,115,22,1,412,2,4,0,698
2034-04-13,85,3,0,429,3,4,0,495
2034-04-14,75,24,1,438,4,4,0,774
2034-04-15,124,23,0,337,5,4,1,566
2034-04-16,157,11,0,272,6,4,1,438
2034-04-17,92,16,0,178,0,4,0,448
2034-04-18,199,1,1,563,1,4,0,381
2034-04-19,197,12,0,997,2,4,0,565
2034-04-20,57,30,0,704,3,4,0,911
2034-04-21,78,28,0,600,4,4,0,700
2034-04-22,89,17,0,661,5,4,1,725
2034-04-23,177,27,1,384,6,4,1,507
2034-04-24,133,27,0,322,0,4,0,561
2034-04-25,165,26,0,692,1,4,0,529
2034-04-26,193,14,0,365,2,4,0,267
2034-04-27,111,30,0,766,3,4,0,746
2034-04-28,56,7,1,472,4,4,0,724
2034-04-29,94,14,0,332,5,4,1,596
2034-04-30,137,0,0,927,6,4,1,661
2034-05-01,122,19,1,335,0,5,0,530
2034-05-02,86,9,0,770,1,5,0,681
2034-05-03,168,11,0,927,2,5,0,574
2034-05-04,106,4,0,862,3,5,0,618
2034-05-05,57,8,1,413,4,5,0,709
2034-05-06,144,22,0,912,5,5,1,753
2034-05-07,166,7,1,479,6,5,1,505
2034-05-08,159,15,1,893,0,5,0,709
2034-05-09,69,13,1,713,1,5,0,809
2034-05-10,173,26,1,662,2,5,0,634
2034-05-11,102,24,1,519,3,5,0,716
2034-05-12,168,12,1,151,4,5,0,370
2034-05-13,61,22,1,820,5,5,1,955
2034-05-14,66,20,0,918,6,5,1,853
2034-05-15,113,12,0,742,0,5,0,649
2034-05-16,91,30,1,608,1,5,0,798
2034-05-17,143,4,1,881,2,5,0,711
2034-05-18,196,15,1,304,3,5,0,391
2034-05-19,60,25,1,830,4,5,0,960
2034-05-20,147,10,1,356,5,5,1,508
2034-05-21,120,21,1,284,6,5,1,640
2034-05-22,157,4,0,244,0,5,0,255
2034-05-23,107,12,0,789,1,5,0,666
2034-05-24,83,27,1,113,2,5,0,602
2034-05-25,69,10,1,345,3,5,0,654
2034-05-26,99,24,1,286,4,5,0,606
2034-05-27,151,18,0,436,5,5,1,492
2034-05-28,187,2,1,358,6,5,1,381
2034-05-29,101,14,0,965,0,5,0,752
2034-05-30,64,6,0,139,1,5,0,453
2034-05-31,133,6,0,700,2,5,0,559
2034-06-01,180,5,1,736,3,6,0,561
2034-06-02,86,2,1,517,4,6,0,701
2034-06-03,175,29,0,450,5,6,1,490
2034-06-04,89,12,0,108,6,6,1,451
2034-06-05,121,6,0,449,0,6,0,563
2034-06-06,89,4,0,183,1,6,0,408
2034-06-07,105,22,1,632,2,6,0,781
2034-06-08,200,17,0,892,3,6,0,559
2034-06-09,153,21,1,457,4,6,0,652
2034-06-10,188,29,0,477,5,6,1,447
2034-06-11,159,7,1,271,6,6,1,409
2034-06-12,185,16,0,124,0,6,0,226
2034-06-13,142,19,1,492,1,6,0,613
2034-06-14,143,26,1,202,2,6,0,495
2034-06-15,105,0,1,801,3,6,0,646
2034-06-16,109,13,0,335,4,6,0,453
2034-06-17,187,16,1,509,5,6,1,551
2034-06-18,88,9,0,924,6,6,1,741
2034-06-19,77,11,1,648,0,6,0,794
2034-06-20,98,15,1,883,1,6,0,798
2034-06-21,174,13,0,904,2,6,0,579
2034-06-22,62,29,1,431,3,6,0,782
2034-06-23,85,26,1,763,4,6,0,871
2034-06-24,150,15,0,893,5,6,1,671
2034-06-25,75,7,1,631,6,6,1,815
2034-06-26,135,22,1,748,0,6,0,760
2034-06-27,53,27,1,970,1,6,0,1004
2034-06-28,131,9,1,128,2,6,0,453
2034-06-29,176,28,0,642,3,6,0,567
2034-06-30,137,16,1,118,4,6,0,515
2034-07-01,176,26,1,247,5,7,1,497
2034-07-02,169,29,1,570,6,7,1,658
2034-07-03,71,28,1,590,0,7,0,868
2034-07-04,179,17,1,382,1,7,0,415
2034-07-05,80,19,1,961,2,7,0,908
2034-07-06,168,15,1,952,3,7,0,736
2034-07-07,60,16,1,911,4,7,0,951
2034-07-08,95,15,0,774,5,7,1,653
2034-07-09,145,18,0,212,6,7,1,370
2034-07-10,59,23,0,554,0,7,0,639
2034-07-11,177,23,0,761,1,7,0,587
2034-07-12,148,7,1,429,2,7,0,512
2034-07-13,161,5,1,354,3,7,0,482
2034-07-14,109,5,0,698,4,7,0,582
2034-07-15,136,20,0,498,5,7,1,619
2034-07-16,194,28,0,961,6,7,1,633
2034-07-17,114,8,1,709,0,7,0,680
2034-07-18,106,3,1,607,1,7,0,653
2034-07-19,155,25,0,743,2,7,0,586
2034-07-20,58,30,0,565,3,7,0,768
2034-07-21,71,11,0,923,4,7,0,774
2034-07-22,190,27,0,506,5,7,1,477
2034-07-23,138,11,0,708,6,7,1,583
2034-07-24,67,22,1,197,0,7,0,671
2034-07-25,164,16,0,389,1,7,0,392
2034-07-26,194,14,1,967,2,7,0,630
2034-07-27,192,8,0,838,3,7,0,488
2034-07-28,155,6,0,756,4,7,0,498
2034-07-29,64,9,1,255,5,7,1,614
2034-07-30,112,15,0,881,6,7,1,676
2034-07-31,62,11,1,261,0,7,0,658
2034-08-01,130,24,1,723,1,8,0,760
2034-08-02,81,6,0,942,2,8,0,778
2034-08-03,186,17,0,796,3,8,0,523
2034-08-04,89,14,1,816,4,8,0,842
2034-08-05,197,5,1,196,5,8,1,302
2034-08-06,131,25,0,476,6,8,1,517
2034-08-07,126,11,1,666,0,8,0,638
2034-08-08,125,10,0,549,1,8,0,505
2034-08-09,87,19,1,216,2,8,0,610
2034-08-10,120,2,0,704,3,8,0,581
2034-08-11,97,1,1,904,4,8,0,774
2034-08-12,67,5,1,815,5,8,1,906
2034-08-13,193,23,0,893,6,8,1,611
2034-08-14,88,21,1,605,0,8,0,765
2034-08-15,138,24,1,288,1,8,0,561
2034-08-16,111,29,1,575,2,8,0,756
2034-08-17,190,4,1,422,3,8,0,411
2034-08-18,158,17,1,695,4,8,0,601
2034-08-19,130,15,1,279,5,8,1,574
2034-08-20,183,7,1,885,6,8,1,720
2034-08-21,126,24,0,280,0,8,0,445
2034-08-22,139,29,1,792,1,8,0,774
2034-08-23,63,25,1,894,2,8,0,907
2034-08-24,144,19,0,386,3,8,0,475
2034-08-25,103,21,1,574,4,8,0,742
2034-08-26,181,30,1,717,5,8,1,651
2034-08-27,88,10,0,740,6,8,1,652
2034-08-28,121,9,1,361,0,8,0,476
2034-08-29,74,23,1,622,1,8,0,854
2034-08-30,126,24,0,261,2,8,0,439
2034-08-31,169,11,0,586,3,8,0,439
2034-09-01,102,20,1,280,4,9,0,587
2034-09-02,180,27,1,824,5,9,1,754
2034-09-03,199,5,0,568,6,9,1,394
2034-09-04,145,26,1,885,0,9,0,802
2034-09-05,121,19,0,120,1,9,0,367
2034-09-06,111,4,0,374,2,9,0,458
2034-09-07,55,22,0,359,3,9,0,661
2034-09-08,81,8,1,432,4,9,0,660
2034-09-09,148,25,0,565,5,9,1,536
2034-09-10,187,26,0,215,6,9,1,328
2034-09-11,180,28,0,512,0,9,0,527
2034-09-12,125,15,1,636,1,9,0,728
2034-09-13,108,21,1,944,2,9,0,855
2034-09-14,80,13,1,865,3,9,0,839
2034-09-15,142,21,0,822,4,9,0,645
2034-09-16,118,7,1,916,5,9,1,803
2034-09-17,101,26,1,932,6,9,1,878
2034-09-18,138,19,0,950,0,9,0,696
2034-09-19,176,18,0,356,1,9,0,339
2034-09-20,80,13,1,267,2,9,0,601
2034-09-21,133,6,1,948,3,9,0,707
2034-09-22,176,4,0,632,4,9,0,391
2034-09-23,199,17,1,697,5,9,1,591
2034-09-24,181,1,0,114,6,9,1,190
2034-09-25,62,10,0,149,0,9,0,443
2034-09-26,94,21,1,403,1,9,0,712
2034-09-27,176,7,1,586,2,9,0,475
2034-09-28,163,0,1,515,3,9,0,401
2034-09-29,69,30,1,404,4,9,0,781
2034-09-30,130,26,0,295,5,9,1,499
2034-10-01,178,21,1,975,6,10,1,759
2034-10-02,192,11,1,912,0,10,0,632
2034-10-03,66,1,1,899,1,10,0,862
2034-10-04,107,17,0,487,2,10,0,613
2034-10-05,121,6,1,856,3,10,0,729
2034-10-06,158,25,1,964,4,10,0,751
2034-10-07,72,16,0,554,5,10,1,683
2034-10-08,121,21,0,812,6,10,1,727
2034-10-09,57,29,0,804,0,10,0,874
2034-10-10,108,22,0,947,1,10,0,768
2034-10-11,160,13,0,757,2,10,0,522
2034-10-12,62,23,1,409,3,10,0,719
2034-10-13,65,6,0,226,4,10,0,478
2034-10-14,168,21,0,274,5,10,1,355
2034-10-15,51,24,0,233,6,10,1,644
2034-10-16,194,28,0,165,0,10,0,315
2034-10-17,79,2,0,492,1,10,0,545
2034-10-18,152,26,0,464,2,10,0,524
2034-10-19,62,5,0,378,3,10,0,587
2034-10-20,145,19,0,857,4,10,0,637
2034-10-21,143,1,1,462,5,10,1,527
2034-10-22,131,16,1,848,6,10,1,767
2034-10-23,62,11,1,270,0,10,0,647
2034-10-24,143,11,0,150,1,10,0,320
2034-10-25,198,29,0,427,2,10,0,446
2034-10-26,161,16,0,970,3,10,0,671
2034-10-27,104,26,1,764,4,10,0,828
2034-10-28,130,9,0,691,5,10,1,580
2034-10-29,165,2,0,244,6,10,1,291
2034-10-30,192,19,0,373,0,10,0,366
2034-10-31,157,17,1,254,1,10,0,478
2034-11-01,102,12,1,607,2,11,0,686
2034-11-02,177,11,0,948,3,11,0,584
2034-11-03,106,26,1,462,4,11,0,675
2034-11-04,101,26,0,424,5,11,1,636
2034-11-05,186,29,0,947,6,11,1,656
2034-11-06,160,26,1,754,0,11,0,730
2034-11-07,50,16,1,397,1,11,0,724
2034-11-08,93,3,1,593,2,11,0,711
2034-11-09,124,30,1,645,3,11,0,756
2034-11-10,147,22,0,403,4,11,0,479
2034-11-11,58,9,0,566,5,11,1,638
2034-11-12,81,10,1,338,6,11,1,690
2034-11-13,64,5,1,749,0,11,0,790
2034-11-14,189,5,0,865,1,11,0,540
2034-11-15,185,26,0,616,2,11,0,503
2034-11-16,121,8,0,983,3,11,0,680
2034-11-17,61,29,0,275,4,11,0,613
2034-11-18,114,14,1,984,5,11,1,880
2034-11-19,156,1,1,509,6,11,1,537
2034-11-20,91,3,1,825,0,11,0,718
2034-11-21,164,4,0,463,1,11,0,355
2034-11-22,188,16,0,122,2,11,0,269
2034-11-23,152,7,1,417,3,11,0,473
2034-11-24,144,7,1,624,4,11,0,567
2034-11-25,66,21,1,852,5,11,1,945
2034-11-26,134,11,0,375,6,11,1,465
2034-11-27,200,20,1,703,0,11,0,562
2034-11-28,105,7,0,719,1,11,0,661
2034-11-29,183,18,1,328,2,11,0,446
2034-11-30,135,2,1,763,3,11,0,602
2034-12-01,151,17,1,207,4,12,0,417
2034-12-02,103,20,0,900,5,12,1,815
2034-12-03,164,18,0,275,6,12,1,369
2034-12-04,188,18,0,419,0,12,0,383
2034-12-05,137,14,0,385,1,12,0,424
2034-12-06,98,5,0,975,2,12,0,716
2034-12-07,198,15,0,428,3,12,0,361
2034-12-08,164,7,1,976,4,12,0,656
2034-12-09,112,15,0,852,5,12,1,708
2034-12-10,153,17,1,756,6,12,1,691
2034-12-11,132,19,0,455,0,12,0,484
2034-12-12,152,15,1,113,1,12,0,405
2034-12-13,66,10,1,374,2,12,0,649
2034-12-14,55,6,0,170,3,12,0,514
2034-12-15,196,16,1,926,4,12,0,637
2034-12-16,77,16,0,294,5,12,1,587
2034-12-17,87,11,0,964,6,12,1,809
2034-12-18,168,12,0,911,0,12,0,543
2034-12-19,86,9,0,978,1,12,0,749
2034-12-20,164,6,1,622,2,12,0,547
2034-12-21,117,13,0,205,3,12,0,421
2034-12-22,92,22,1,869,4,12,0,867
2034-12-23,107,0,1,992,5,12,1,844
2034-12-24,62,16,1,295,6,12,1,707
2034-12-25,101,3,0,244,0,12,0,424
2034-12-26,107,20,1,831,1,12,0,801
2034-12-27,81,4,0,449,2,12,0,551
2034-12-28,154,19,1,523,3,12,0,654
2034-12-29,132,23,0,570,4,12,0,595
2034-12-30,148,22,0,785,5,12,1,691
2034-12-31,153,24,0,315,6,12,1,461
2035-01-01,77,6,0,192,0,1,0,486
2035-01-02,178,30,1,359,1,1,0,573
2035-01-03,97,9,1,674,2,1,0,733
2035-01-04,89,16,0,640,3,1,0,661
2035-01-05,146,28,1,886,4,1,0,763
2035-01-06,163,29,0,958,5,1,1,736
2035-01-07,181,6,0,384,6,1,1,374
2035-01-08,186,0,1,583,0,1,0,443
2035-01-09,160,6,0,471,1,1,0,365
2035-01-10,193,25,0,169,2,1,0,315
2035-01-11,125,23,0,478,3,1,0,568
2035-01-12,80,10,0,378,4,1,0,506
2035-01-13,168,8,0,842,5,1,1,577
2035-01-14,191,11,1,401,6,1,1,477
2035-01-15,74,2,1,354,0,1,0,648
2035-01-16,83,30,1,783,1,1,0,888
2035-01-17,116,3,0,791,2,1,0,667
2035-01-18,167,3,0,363,3,1,0,333
2035-01-19,122,27,0,794,4,1,0,678
2035-01-20,75,24,0,933,5,1,1,868
2035-01-21,197,12,0,816,6,1,1,494
2035-01-22,153,22,0,523,0,1,0,513
2035-01-23,59,18,1,860,1,1,0,935
2035-01-24,116,9,0,312,2,1,0,451
2035-01-25,54,4,1,770,3,1,0,791
2035-01-26,76,6,0,199,4,1,0,425
2035-01-27,162,23,1,928,5,1,1,810
2035-01-28,64,15,0,211,6,1,1,586
2035-01-29,154,0,1,407,0,1,0,445
2035-01-30,93,11,1,777,1,1,0,709
2035-01-31,75,1,0,574,2,1,0,555
2035-02-01,144,6,0,647,3,2,0,539
2035-02-02,133,10,1,211,4,2,0,455
2035-02-03,189,30,0,186,5,2,1,375
2035-02-04,181,28,0,282,6,2,1,446
2035-02-05,136,29,0,696,0,2,0,651
2035-02-06,161,12,1,880,1,2,0,741
2035-02-07,178,30,0,264,2,2,0,397
2035-02-08,138,1,1,914,3,2,0,677
2035-02-09,115,6,1,189,4,2,0,520
2035-02-10,180,14,0,554,5,2,1,472
2035-02-11,171,24,1,337,6,2,1,519
2035-02-12,198,10,0,633,0,2,0,430
2035-02-13,133,1,0,778,1,2,0,550
2035-02-14,165,6,1,826,2,2,0,605
2035-02-15,165,3,1,157,3,2,0,359
2035-02-16,87,10,1,641,4,2,0,736
2035-02-17,192,28,1,717,5,2,1,631
2035-02-18,159,1,1,501,6,2,1,494
2035-02-19,95,28,0,941,0,2,0,891
2035-02-20,74,15,1,778,1,2,0,849
2035-02-21,70,6,0,961,2,2,0,823
2035-02-22,170,12,0,765,3,2,0,544
2035-02-23,171,4,1,938,4,2,0,699
2035-02-24,182,16,1,618,5,2,1,619
2035-02-25,119,20,1,296,6,2,1,591
2035-02-26,162,11,1,932,0,2,0,731
2035-02-27,156,27,1,145,1,2,0,461
2035-02-28,161,18,0,629,2,2,0,556
2035-03-01,157,6,0,496,3,3,0,431
2035-03-02,96,5,0,764,4,3,0,649
2035-03-03,140,7,1,875,5,3,1,732
2035-03-04,67,12,1,173,6,3,1,659
2035-03-05,198,4,0,515,0,3,0,335
2035-03-06,153,1,1,756,1,3,0,554
2035-03-07,200,8,1,713,2,3,0,484
2035-03-08,89,29,1,434,3,3,0,713
2035-03-09,187,10,0,946,4,3,0,588
2035-03-10,138,23,1,732,5,3,1,798
2035-03-11,110,5,0,787,6,3,1,670
2035-03-12,54,28,1,674,0,3,0,921
2035-03-13,171,25,1,395,1,3,0,594
2035-03-14,104,6,0,183,2,3,0,415
2035-03-15,86,24,1,114,3,3,0,623
2035-03-16,105,6,1,966,4,3,0,816
2035-03-17,151,18,1,233,5,3,1,507
2035-03-18,142,5,0,577,6,3,1,503
2035-03-19,122,10,1,732,0,3,0,770
2035-03-20,108,28,1,418,1,3,0,669
2035-03-21,51,10,1,491,2,3,0,764
2035-03-22,153,6,1,578,3,3,0,520
2035-03-23,100,1,1,739,4,3,0,692
2035-03-24,79,18,0,467,5,3,1,682
2035-03-25,60,3,0,466,6,3,1,567
2035-03-26,157,25,1,387,0,3,0,603
2035-03-27,125,5,1,912,1,3,0,811
2035-03-28,139,16,0,477,2,3,0,514
2035-03-29,172,24,1,791,3,3,0,740
2035-03-30,174,4,1,562,4,3,0,514
2035-03-31,171,28,1,693,5,3,1,737
2035-04-01,143,27,1,112,6,4,1,546
2035-04-02,152,29,1,635,0,4,0,688
2035-04-03,80,6,1,267,1,4,0,567
2035-04-04,101,8,1,369,2,4,0,630
2035-04-05,138,24,1,169,3,4,0,519
2035-04-06,125,0,0,417,4,4,0,421
2035-04-07,178,30,0,475,5,4,1,518
2035-04-08,71,0,1,188,6,4,1,581
2035-04-09,89,18,1,800,0,4,0,805
2035-04-10,150,5,1,356,1,4,0,471
2035-04-11,160,17,1,316,2,4,0,509
2035-04-12,178,9,0,549,3,4,0,379
2035-04-13,114,27,0,993,4,4,0,819
2035-04-14,198,10,0,643,5,4,1,423
2035-04-15,128,0,0,240,6,4,1,388
2035-04-16,71,0,1,260,0,4,0,635
2035-04-17,148,12,1,131,1,4,0,421
2035-04-18,57,4,1,923,2,4,0,852
2035-04-19,66,19,0,251,3,4,0,579
2035-04-20,66,0,1,958,4,4,0,874
2035-04-21,139,19,1,359,5,4,1,571
2035-04-22,190,2,0,827,6,4,1,448
2035-04-23,194,17,0,378,0,4,0,329
2035-04-24,130,8,0,384,1,4,0,441
2035-04-25,127,13,0,709,2,4,0,590
2035-04-26,55,30,0,641,3,4,0,837
2035-04-27,159,26,1,701,4,4,0,717
2035-04-28,63,16,1,247,5,4,1,695
2035-04-29,121,22,0,755,6,4,1,656
2035-04-30,192,13,1,166,0,4,0,375
2035-05-01,103,28,1,968,1,5,0,986
2035-05-02,76,3,1,669,2,5,0,761
2035-05-03,62,4,1,892,3,5,0,838
2035-05-04,109,25,0,378,4,5,0,559
2035-05-05,55,20,1,847,5,5,1,978
2035-05-06,107,16,1,542,6,5,1,759
2035-05-07,98,21,1,996,0,5,0,891
2035-05-08,200,28,0,964,1,5,0,617
2035-05-09,75,24,1,498,2,5,0,773
2035-05-10,96,1,0,227,3,5,0,405
2035-05-11,54,22,0,436,4,5,0,705
2035-05-12,69,21,0,581,5,5,1,742
2035-05-13,183,4,0,820,6,5,1,475
2035-05-14,108,3,1,285,0,5,0,498
2035-05-15,195,3,0,268,1,5,0,218
2035-05-16,181,5,0,783,2,5,0,415
2035-05-17,66,19,0,359,3,5,0,639
2035-05-18,63,20,0,816,4,5,0,809
2035-05-19,62,12,0,746,5,5,1,753
2035-05-20,184,21,1,657,6,5,1,662
2035-05-21,177,4,0,606,0,5,0,422
2035-05-22,93,22,1,620,1,5,0,738
2035-05-23,168,24,1,570,2,5,0,635
2035-05-24,192,25,0,260,3,5,0,391
2035-05-25,68,22,1,388,4,5,0,730
2035-05-26,112,6,1,439,5,5,1,615
2035-05-27,130,19,1,999,6,5,1,873
2035-05-28,196,0,0,932,0,5,0,449
2035-05-29,197,13,0,601,1,5,0,421
2035-05-30,149,23,0,205,2,5,0,377
2035-05-31,171,3,0,901,3,5,0,538
2035-06-01,93,16,0,574,4,6,0,629
2035-06-02,153,20,0,952,5,6,1,721
2035-06-03,110,13,0,699,6,6,1,672
2035-06-04,174,15,1,562,0,6,0,524
2035-06-05,194,13,1,582,1,6,0,515
2035-06-06,120,15,0,803,2,6,0,685
2035-06-07,156,23,1,252,3,6,0,469
2035-06-08,99,19,0,922,4,6,0,818
2035-06-09,114,28,0,748,5,6,1,712
2035-06-10,148,27,0,884,6,6,1,771
2035-06-11,81,7,1,248,0,6,0,544
2035-06-12,190,23,0,287,1,6,0,348
2035-06-13,107,2,0,752,2,6,0,591
2035-06-14,177,24,0,230,3,6,0,317
2035-06-15,191,18,0,551,4,6,0,449
2035-06-16,161,0,1,615,5,6,1,576
2035-06-17,117,1,0,590,6,6,1,556
2035-06-18,89,14,1,575,0,6,0,715
2035-06-19,193,21,1,362,1,6,0,443
2035-06-20,181,27,0,637,2,6,0,561
2035-06-21,139,9,0,558,3,6,0,497
2035-06-22,77,17,1,635,4,6,0,762
2035-06-23,145,21,1,877,5,6,1,802
2035-06-24,80,13,1,840,6,6,1,821
2035-06-25,52,16,1,880,0,6,0,931
2035-06-26,185,26,0,736,1,6,0,574
2035-06-27,73,12,1,783,2,6,0,822
2035-06-28,64,0,1,845,3,6,0,831
2035-06-29,94,4,1,394,4,6,0,614
2035-06-30,57,25,1,534,5,6,1,863
2035-07-01,120,12,0,374,6,7,1,548
2035-07-02,157,26,0,687,0,7,0,626
2035-07-03,164,24,0,407,1,7,0,469
2035-07-04,152,13,1,825,2,7,0,697
2035-07-05,174,23,1,475,3,7,0,544
2035-07-06,106,2,0,257,4,7,0,376
2035-07-07,79,14,0,913,5,7,1,826
2035-07-08,195,18,1,303,6,7,1,440
2035-07-09,163,30,0,760,0,7,0,593
2035-07-10,166,16,1,174,1,7,0,389
2035-07-11,109,29,1,479,2,7,0,693
2035-07-12,147,2,1,840,3,7,0,700
2035-07-13,175,15,1,403,4,7,0,507
2035-07-14,200,30,1,161,5,7,1,440
2035-07-15,143,13,1,669,6,7,1,684
2035-07-16,183,11,0,885,0,7,0,554
2035-07-17,171,27,0,207,1,7,0,345
2035-07-18,157,11,0,286,2,7,0,315
2035-07-19,53,28,1,328,3,7,0,792
2035-07-20,142,10,0,147,4,7,0,279
2035-07-21,200,16,1,930,5,7,1,676
2035-07-22,55,7,1,367,6,7,1,675
2035-07-23,81,16,1,826,0,7,0,850
2035-07-24,155,20,1,901,1,7,0,738
2035-07-25,195,24,0,353,2,7,0,382
2035-07-26,64,22,0,969,3,7,0,795
2035-07-27,171,19,0,186,4,7,0,356
2035-07-28,145,10,1,280,5,7,1,519
2035-07-29,55,24,0,124,6,7,1,615
2035-07-30,161,24,0,487,0,7,0,515
2035-07-31,169,1,0,321,1,7,0,300
2035-08-01,172,9,1,496,2,8,0,471
2035-08-02,116,9,0,610,3,8,0,561
2035-08-03,155,10,1,660,4,8,0,604
2035-08-04,188,27,0,945,5,8,1,685
2035-08-05,92,5,1,539,6,8,1,697
2035-08-06,194,3,0,274,0,8,0,231
2035-08-07,145,23,0,410,1,8,0,493
2035-08-08,181,11,0,373,2,8,0,349
2035-08-09,130,10,1,134,3,8,0,468
2035-08-10,90,22,0,316,4,8,0,600
2035-08-11,182,22,0,820,5,8,1,613
2035-08-12,84,26,1,771,6,8,1,908
2035-08-13,71,25,1,507,0,8,0,770
2035-08-14,199,24,1,618,1,8,0,550
2035-08-15,161,12,1,368,2,8,0,455
2035-08-16,60,4,0,737,3,8,0,590
2035-08-17,52,5,0,574,4,8,0,617
2035-08-18,186,0,1,979,5,8,1,636
2035-08-19,109,5,0,424,6,8,1,489
2035-08-20,125,17,1,455,0,8,0,622
2035-08-21,136,21,0,189,1,8,0,376
2035-08-22,63,8,1,141,2,8,0,539
2035-08-23,67,23,0,464,3,8,0,595
2035-08-24,162,24,1,770,4,8,0,709
2035-08-25,122,28,1,301,5,8,1,611
2035-08-26,72,14,0,465,6,8,1,612
2035-08-27,132,25,0,893,0,8,0,726
2035-08-28,174,7,0,943,1,8,0,529
2035-08-29,118,18,1,387,2,8,0,612
2035-08-30,96,23,0,702,3,8,0,659
2035-08-31,165,15,1,580,4,8,0,568
2035-09-01,79,5,0,736,5,9,1,663
2035-09-02,74,28,0,600,6,9,1,744
2035-09-03,161,5,1,737,0,9,0,633
2035-09-04,74,21,1,151,1,9,0,558
2035-09-05,123,2,0,202,2,9,0,377
2035-09-06,107,9,1,460,3,9,0,577
2035-09-07,143,0,1,523,4,9,0,539
2035-09-08,168,27,0,798,5,9,1,670
2035-09-09,176,13,1,304,6,9,1,468
2035-09-10,74,3,0,113,0,9,0,366
2035-09-11,127,25,0,715,1,9,0,655
2035-09-12,148,11,1,728,2,9,0,717
2035-09-13,165,5,0,569,3,9,0,413
2035-09-14,97,10,1,565,4,9,0,669
2035-09-15,59,11,0,403,5,9,1,612
2035-09-16,148,9,1,704,6,9,1,666
2035-09-17,60,17,1,526,0,9,0,763
2035-09-18,134,6,1,755,1,9,0,663
2035-09-19,198,6,1,209,2,9,0,299
2035-09-20,184,10,1,774,3,9,0,551
2035-09-21,175,3,0,664,4,9,0,490
2035-09-22,113,19,0,614,5,9,1,632
2035-09-23,51,30,1,167,6,9,1,831
2035-09-24,125,0,0,345,0,9,0,391
2035-09-25,170,12,1,488,1,9,0,523
2035-09-26,91,17,1,749,2,9,0,783
2035-09-27,103,8,0,407,3,9,0,469
2035-09-28,124,25,0,451,4,9,0,539
2035-09-29,65,23,1,898,5,9,1,939
2035-09-30,67,23,1,165,6,9,1,639
2035-10-01,139,8,1,559,0,10,0,630
2035-10-02,193,30,1,446,1,10,0,558
2035-10-03,55,22,1,424,2,10,0,806
2035-10-04,157,28,1,766,3,10,0,757
2035-10-05,97,8,0,698,4,10,0,598
2035-10-06,91,9,1,132,5,10,1,491
2035-10-07,125,27,1,167,6,10,1,559
2035-10-08,126,1,0,286,0,10,0,361
2035-10-09,181,5,1,291,1,10,0,405
2035-10-10,179,14,1,312,2,10,0,427
2035-10-11,108,2,0,699,3,10,0,654
2035-10-12,76,10,1,527,4,10,0,687
2035-10-13,128,30,0,450,5,10,1,613
2035-10-14,121,5,1,207,6,10,1,469
2035-10-15,56,2,0,339,0,10,0,537
2035-10-16,160,23,0,315,1,10,0,409
2035-10-17,168,30,0,276,2,10,0,408
2035-10-18,112,10,1,664,3,10,0,664
2035-10-19,173,14,1,429,4,10,0,491
2035-10-20,61,12,0,660,5,10,1,748
2035-10-21,190,19,0,980,6,10,1,599
2035-10-22,92,27,1,725,0,10,0,831
2035-10-23,66,9,1,549,1,10,0,739
2035-10-24,112,5,1,706,2,10,0,695
2035-10-25,169,14,1,546,3,10,0,598
2035-10-26,85,24,1,636,4,10,0,813
2035-10-27,57,17,0,743,5,10,1,778
2035-10-28,118,17,1,278,6,10,1,564
2035-10-29,139,6,0,494,0,10,0,424
2035-10-30,85,14,1,244,1,10,0,570
2035-10-31,77,17,0,975,2,10,0,819
2035-11-01,167,17,0,297,3,11,0,377
2035-11-02,142,19,1,936,4,11,0,805
2035-11-03,125,8,0,183,5,11,1,408
2035-11-04,150,23,0,768,6,11,1,685
2035-11-05,200,1,0,184,0,11,0,154
2035-11-06,193,7,0,556,1,11,0,415
2035-11-07,63,19,1,575,2,11,0,775
2035-11-08,120,1,0,352,3,11,0,411
2035-11-09,173,10,1,986,4,11,0,688
2035-11-10,174,25,0,171,5,11,1,370
2035-11-11,86,6,1,322,6,11,1,632
2035-11-12,78,5,1,375,0,11,0,571
2035-11-13,192,29,1,894,1,11,0,689
2035-11-14,68,9,0,875,2,11,0,776
2035-11-15,155,4,1,345,3,11,0,443
2035-11-16,70,10,1,440,4,11,0,673
2035-11-17,113,0,0,672,5,11,1,534
2035-11-18,76,1,1,570,6,11,1,699
2035-11-19,104,23,0,553,0,11,0,644
2035-11-20,78,0,0,870,1,11,0,670
2035-11-21,197,18,1,106,2,11,0,374
2035-11-22,74,1,0,287,3,11,0,499
2035-11-23,119,20,0,103,4,11,0,388
2035-11-24,112,19,0,842,5,11,1,715
2035-11-25,179,28,1,744,6,11,1,622
2035-11-26,199,22,0,224,0,11,0,264
2035-11-27,65,20,0,114,1,11,0,476
2035-11-28,195,23,0,624,2,11,0,427
2035-11-29,149,3,1,729,3,11,0,603
2035-11-30,79,30,0,339,4,11,0,632
2035-12-01,94,11,1,874,5,12,1,901
2035-12-02,68,21,0,459,6,12,1,685
2035-12-03,83,19,1,617,0,12,0,715
2035-12-04,190,17,1,419,1,12,0,450
2035-12-05,111,0,1,330,2,12,0,528
2035-12-06,167,29,0,129,3,12,0,360
2035-12-07,149,29,0,633,4,12,0,626
2035-12-08,71,0,0,255,5,12,1,475
2035-12-09,160,23,1,729,6,12,1,751
2035-12-10,122,13,0,951,0,12,0,709
2035-12-11,196,3,0,1000,1,12,0,531
2035-12-12,87,4,1,804,2,12,0,772
2035-12-13,119,10,0,498,3,12,0,488
2035-12-14,165,23,0,445,4,12,0,461
2035-12-15,128,27,1,294,5,12,1,635
2035-12-16,197,30,1,267,6,12,1,451
2035-12-17,58,22,0,476,0,12,0,687
2035-12-18,81,12,1,588,1,12,0,770
2035-12-19,181,15,0,850,2,12,0,566
2035-12-20,99,23,0,461,3,12,0,642
2035-12-21,131,12,0,581,4,12,0,543
2035-12-22,54,23,0,343,5,12,1,647
2035-12-23,197,21,0,680,6,12,1,537
2035-12-24,136,25,1,706,0,12,0,701
2035-12-25,175,1,1,688,1,12,0,524
2035-12-26,124,15,0,270,2,12,0,427
2035-12-27,71,5,1,612,3,12,0,707
2035-12-28,117,13,1,505,4,12,0,704
2035-12-29,93,0,0,673,5,12,1,611
2035-12-30,83,16,1,306,6,12,1,721
2035-12-31,126,10,1,253,0,12,0,510
2036-01-01,91,18,0,885,1,1,0,742
2036-01-02,186,2,0,147,2,1,0,190
2036-01-03,155,10,0,748,3,1,0,543
2036-01-04,144,28,0,100,4,1,0,387
2036-01-05,184,4,0,846,5,1,1,517
2036-01-06,117,16,0,867,6,1,1,745
2036-01-07,196,25,0,506,0,1,0,451
2036-01-08,177,21,1,206,1,1,0,459
2036-01-09,134,6,0,272,2,1,0,422
2036-01-10,132,9,1,605,3,1,0,614
2036-01-11,144,27,1,229,4,1,0,577
2036-01-12,81,28,0,497,5,1,1,754
2036-01-13,115,10,1,393,6,1,1,651
2036-01-14,165,2,1,651,0,1,0,493
2036-01-15,187,19,1,546,1,1,0,598
2036-01-16,179,9,0,949,2,1,0,553
2036-01-17,109,26,1,115,3,1,0,508
2036-01-18,66,9,1,738,4,1,0,866
2036-01-19,145,13,0,984,5,1,1,719
2036-01-20,193,11,1,448,6,1,1,500
2036-01-21,65,14,1,302,0,1,0,656
2036-01-22,95,9,1,233,1,1,0,559
2036-01-23,156,29,1,870,2,1,0,782
2036-01-24,137,9,1,625,3,1,0,607
2036-01-25,178,25,0,607,4,1,0,517
2036-01-26,188,18,1,165,5,1,1,418
2036-01-27,168,0,0,579,6,1,1,391
2036-01-28,134,23,1,962,0,1,0,838
2036-01-29,53,28,0,558,1,1,0,709
2036-01-30,120,25,0,441,2,1,0,624
2036-01-31,160,9,0,806,3,1,0,549
2036-02-01,99,1,1,725,4,2,0,674
2036-02-02,189,16,1,258,5,2,1,459
2036-02-03,144,29,1,260,6,2,1,577
2036-02-04,141,23,1,353,0,2,0,582
2036-02-05,114,6,1,996,1,2,0,823
2036-02-06,96,6,0,626,2,2,0,567
2036-02-07,155,19,0,648,3,2,0,611
2036-02-08,179,26,0,254,4,2,0,444
2036-02-09,155,8,1,585,5,2,1,587
2036-02-10,73,21,1,531,6,2,1,776
2036-02-11,53,1,0,126,0,2,0,442
2036-02-12,157,13,1,111,1,2,0,390
2036-02-13,68,16,1,166,2,2,0,652
2036-02-14,89,0,0,641,3,2,0,572
2036-02-15,99,8,0,195,4,2,0,394
2036-02-16,124,19,1,314,5,2,1,614
2036-02-17,61,20,1,293,6,2,1,689
2036-02-18,76,18,0,746,0,2,0,777
2036-02-19,162,3,1,389,1,2,0,473
2036-02-20,98,27,0,643,2,2,0,687
2036-02-21,193,7,0,984,3,2,0,537
2036-02-22,179,12,0,138,4,2,0,273
2036-02-23,109,3,1,963,5,2,1,788
2036-02-24,79,8,0,305,6,2,1,519
2036-02-25,133,8,0,998,0,2,0,675
2036-02-26,77,21,1,654,1,2,0,782
2036-02-27,74,17,0,583,2,2,0,665
2036-02-28,145,11,1,436,3,2,0,516
2036-02-29,174,9,1,595,4,2,0,586
2036-03-01,59,10,1,870,5,3,1,908
2036-03-02,91,6,0,348,6,3,1,499
2036-03-03,89,8,0,173,0,3,0,461
2036-03-04,126,5,1,472,1,3,0,553
2036-03-05,154,18,1,930,2,3,0,731
2036-03-06,167,15,1,978,3,3,0,769
2036-03-07,91,29,0,907,4,3,0,826
2036-03-08,96,14,1,885,5,3,1,897
2036-03-09,71,6,1,934,6,3,1,901
2036-03-10,156,15,1,970,0,3,0,765
2036-03-11,76,4,0,801,1,3,0,715
2036-03-12,90,15,1,237,2,3,0,581
2036-03-13,129,0,0,556,3,3,0,450
2036-03-14,138,18,0,913,4,3,0,725
2036-03-15,115,4,1,922,5,3,1,816
2036-03-16,61,6,1,942,6,3,1,923
2036-03-17,122,18,1,543,0,3,0,697
2036-03-18,125,21,0,452,1,3,0,562
2036-03-19,139,4,0,893,2,3,0,637
2036-03-20,59,28,0,510,3,3,0,702
2036-03-21,145,16,1,777,4,3,0,709
2036-03-22,69,25,0,889,5,3,1,916
2036-03-23,88,21,1,637,6,3,1,874
2036-03-24,109,29,1,552,0,3,0,742
2036-03-25,115,7,1,518,1,3,0,627
2036-03-26,114,28,0,549,2,3,0,642
2036-03-27,173,28,0,684,3,3,0,540
2036-03-28,179,0,0,214,4,3,0,229
2036-03-29,106,1,1,150,5,3,1,446
2036-03-30,127,29,0,468,6,3,1,613
2036-03-31,78,14,0,782,0,3,0,706
2036-04-01,64,19,1,879,1,4,0,932
2036-04-02,61,27,1,614,2,4,0,858
2036-04-03,150,17,0,309,3,4,0,407
2036-04-04,133,10,1,987,4,4,0,834
2036-04-05,174,24,0,949,5,4,1,692
2036-04-06,152,9,1,912,6,4,1,801
2036-04-07,73,23,1,994,0,4,0,989
2036-04-08,198,23,0,953,1,4,0,633
2036-04-09,187,3,1,726,2,4,0,514
2036-04-10,159,4,1,778,3,4,0,601
2036-04-11,127,3,1,534,4,4,0,584
2036-04-12,150,12,0,876,5,4,1,685
2036-04-13,195,24,1,326,6,4,1,488
2036-04-14,191,12,1,762,0,4,0,549
2036-04-15,177,17,0,367,1,4,0,398
2036-04-16,107,28,0,215,2,4,0,523
2036-04-17,125,26,1,699,3,4,0,752
2036-04-18,199,23,1,929,4,4,0,686
2036-04-19,85,1,1,853,5,4,1,789
2036-04-20,71,15,0,459,6,4,1,683
2036-04-21,176,0,1,428,0,4,0,429
2036-04-22,129,25,0,944,1,4,0,760
2036-04-23,149,18,0,139,2,4,0,338
2036-04-24,145,8,1,281,3,4,0,511
2036-04-25,197,27,1,589,4,4,0,592
2036-04-26,67,2,0,308,5,4,1,474
2036-04-27,87,24,1,372,6,4,1,747
2036-04-28,200,6,1,218,0,4,0,318
2036-04-29,158,28,0,481,1,4,0,520
2036-04-30,172,9,1,635,2,4,0,593
2036-05-01,193,0,0,357,3,5,0,264
2036-05-02,198,9,1,582,4,5,0,538
2036-05-03,153,20,0,608,5,5,1,575
2036-05-04,189,8,0,191,6,5,1,259
2036-05-05,193,27,1,260,0,5,0,404
2036-05-06,130,14,0,248,1,5,0,393
2036-05-07,136,14,0,216,2,5,0,380
2036-05-08,191,2,1,557,3,5,0,500
2036-05-09,110,24,1,664,4,5,0,757
2036-05-10,95,4,1,913,5,5,1,879
2036-05-11,81,8,0,144,6,5,1,436
2036-05-12,64,25,0,876,0,5,0,829
2036-05-13,93,21,0,873,1,5,0,807
2036-05-14,194,8,1,918,2,5,0,606
2036-05-15,103,22,0,333,3,5,0,575
2036-05-16,93,6,0,474,4,5,0,514
2036-05-17,147,23,1,646,5,5,1,693
2036-05-18,54,22,0,949,6,5,1,936
2036-05-19,158,11,1,296,0,5,0,438
2036-05-20,76,24,1,124,1,5,0,614
2036-05-21,165,26,1,494,2,5,0,614
2036-05-22,136,8,0,813,3,5,0,591
2036-05-23,153,5,0,884,4,5,0,561
2036-05-24,172,22,0,135,5,5,1,319
2036-05-25,128,1,1,573,6,5,1,657
2036-05-26,92,30,1,322,0,5,0,749
2036-05-27,146,8,1,963,1,5,0,748
2036-05-28,80,27,0,888,2,5,0,828
2036-05-29,148,28,0,629,3,5,0,595
2036-05-30,66,16,0,287,4,5,0,593
2036-05-31,132,0,0,501,5,5,1,502
2036-06-01,159,18,0,356,6,6,1,428
2036-06-02,81,27,1,753,0,6,0,906
2036-06-03,190,5,0,235,1,6,0,257
2036-06-04,84,4,1,918,2,6,0,851
2036-06-05,182,30,1,690,3,6,0,614
2036-06-06,78,1,0,543,4,6,0,554
2036-06-07,119,8,1,517,5,6,1,634
2036-06-08,144,29,0,391,6,6,1,529
2036-06-09,71,28,0,673,0,6,0,825
2036-06-10,118,25,1,228,1,6,0,568
2036-06-11,138,13,0,440,2,6,0,479
2036-06-12,121,3,0,909,3,6,0,641
2036-06-13,178,3,1,356,4,6,0,393
2036-06-14,136,20,1,823,5,6,1,766
2036-06-15,145,14,1,665,6,6,1,738
2036-06-16,124,7,1,786,0,6,0,695
2036-06-17,103,25,1,199,1,6,0,625
2036-06-18,137,3,1,138,2,6,0,396
2036-06-19,103,15,0,362,3,6,0,500
2036-06-20,65,20,0,249,4,6,0,573
2036-06-21,148,27,0,732,5,6,1,671
2036-06-22,69,3,1,789,6,6,1,809
2036-06-23,95,29,0,912,0,6,0,797
2036-06-24,176,15,1,429,1,6,0,509
2036-06-25,107,21,0,219,2,6,0,482
2036-06-26,160,11,1,683,3,6,0,589
2036-06-27,178,15,0,318,4,6,0,318
2036-06-28,130,18,1,913,5,6,1,836
2036-06-29,133,7,1,222,6,6,1,430
2036-06-30,119,5,1,343,0,6,0,516
2036-07-01,57,9,1,985,1,7,0,924
2036-07-02,78,4,0,686,2,7,0,686
2036-07-03,161,28,0,617,3,7,0,560
2036-07-04,180,30,1,120,4,7,0,424
2036-07-05,157,17,1,289,5,7,1,520
2036-07-06,158,9,1,324,6,7,1,462
2036-07-07,69,9,0,714,0,7,0,681
2036-07-08,122,6,1,955,1,7,0,764
2036-07-09,53,17,1,565,2,7,0,819
2036-07-10,68,0,0,198,3,7,0,418
2036-07-11,151,6,1,929,4,7,0,694
2036-07-12,190,20,1,462,5,7,1,476
2036-07-13,190,0,0,182,6,7,1,233
2036-07-14,135,14,1,792,0,7,0,705
2036-07-15,101,3,1,763,1,7,0,770
2036-07-16,160,27,0,155,2,7,0,383
2036-07-17,158,28,1,801,3,7,0,713
2036-07-18,135,19,0,121,4,7,0,336
2036-07-19,92,9,1,679,5,7,1,777
2036-07-20,91,22,1,284,6,7,1,720
2036-07-21,139,8,1,621,0,7,0,650
2036-07-22,164,1,1,677,1,7,0,506
2036-07-23,75,27,1,363,2,7,0,731
2036-07-24,200,13,0,324,3,7,0,323
2036-07-25,92,15,1,734,4,7,0,739
2036-07-26,126,0,1,137,5,7,1,459
2036-07-27,186,1,0,222,6,7,1,226
2036-07-28,69,6,0,929,0,7,0,752
2036-07-29,88,28,1,255,1,7,0,669
2036-07-30,61,9,0,400,2,7,0,610
2036-07-31,60,21,1,932,3,7,0,999
2036-08-01,91,19,0,166,4,8,0,461
2036-08-02,60,0,0,744,5,8,1,685
2036-08-03,87,12,1,973,6,8,1,880
2036-08-04,147,0,0,493,0,8,0,418
2036-08-05,68,4,1,751,1,8,0,806
2036-08-06,183,15,0,693,2,8,0,504
2036-08-07,165,14,0,669,3,8,0,507
2036-08-08,162,16,0,760,4,8,0,562
2036-08-09,114,27,1,504,5,8,1,723
2036-08-10,148,30,1,548,6,8,1,690
2036-08-11,121,22,0,230,0,8,0,477
2036-08-12,101,15,1,168,1,8,0,539
2036-08-13,167,12,1,444,2,8,0,481
2036-08-14,169,10,1,861,3,8,0,681
2036-08-15,56,16,0,419,4,8,0,609
2036-08-16,60,16,1,276,5,8,1,696
2036-08-17,152,1,0,683,6,8,1,458
2036-08-18,110,12,0,628,0,8,0,554
2036-08-19,117,13,0,940,1,8,0,699
2036-08-20,189,10,0,259,2,8,0,246
2036-08-21,151,27,0,681,3,8,0,590
2036-08-22,159,9,1,724,4,8,0,644
2036-08-23,189,2,1,843,5,8,1,587
2036-08-24,100,28,0,632,6,8,1,741
2036-08-25,166,26,1,234,0,8,0,460
2036-08-26,95,30,1,874,1,8,0,917
2036-08-27,102,16,1,210,2,8,0,521
2036-08-28,137,14,1,857,3,8,0,723
2036-08-29,170,8,1,382,4,8,0,462
2036-08-30,62,9,1,619,5,8,1,790
2036-08-31,138,7,1,895,6,8,1,767
2036-09-01,174,20,0,818,0,9,0,589
2036-09-02,167,12,0,293,1,9,0,324
2036-09-03,103,26,0,146,2,9,0,511
2036-09-04,165,17,1,441,3,9,0,534
2036-09-05,167,4,1,341,4,9,0,405
2036-09-06,53,5,0,621,5,9,1,692
2036-09-07,124,29,1,469,6,9,1,707
2036-09-08,98,30,1,900,0,9,0,910
